date,google,meta
1/1/2020,991.81,0
1/2/2020,5742.32,0
1/3/2020,5806.89,0
1/4/2020,4881.33,0
1/5/2020,5214.06,0
1/6/2020,5069.64,0
1/7/2020,4161.3,0
1/8/2020,5904.79,0
1/9/2020,4514.4,0
1/10/2020,3965.13,0
1/11/2020,4474.36,0
1/12/2020,4569.86,0
1/13/2020,3913.49,0
1/14/2020,3721.56,0
1/15/2020,4007.9,0
1/16/2020,3622.53,0
1/17/2020,3548.1,0
1/18/2020,3866.93,0
1/19/2020,4508.43,0
1/20/2020,3306.82,0
1/21/2020,2757.09,0
1/22/2020,3409.15,0
1/23/2020,2966.7,0
1/24/2020,2811.92,0
1/25/2020,3194.64,0
1/26/2020,3741.69,0
1/27/2020,3219.4,0
1/28/2020,3204.1,0
1/29/2020,3626.27,0
1/30/2020,3408.41,0
1/31/2020,3679.09,0
2/1/2020,3691.93,0
2/2/2020,3743.35,0
2/3/2020,3814.54,0
2/4/2020,4035.51,0
2/5/2020,4555.94,0
2/6/2020,4445.11,0
2/7/2020,4340.87,0
2/8/2020,4975.32,0
2/9/2020,4792.1,0
2/10/2020,3839.66,0
2/11/2020,4215.17,0
2/12/2020,4472.15,0
2/13/2020,4088.83,0
2/14/2020,3000.22,0
2/15/2020,3638.01,0
2/16/2020,4112.15,0
2/17/2020,3911.41,0
2/18/2020,3608.82,0
2/19/2020,4000.32,0
2/20/2020,3201.64,0
2/21/2020,2862.69,0
2/22/2020,3032.96,0
2/23/2020,3554.72,0
2/24/2020,3254.73,0
2/25/2020,2961.88,0
2/26/2020,2946.08,0
2/27/2020,2995.92,0
2/28/2020,2556.15,0
2/29/2020,3122.58,0
3/1/2020,3758.65,0
3/2/2020,3234.36,0
3/3/2020,3072.89,0
3/4/2020,3504.59,0
3/5/2020,3121.25,0
3/6/2020,2718.51,0
3/7/2020,3312.63,0
3/8/2020,4097.29,0
3/9/2020,3727.61,0
3/10/2020,4033.11,0
3/11/2020,4101.37,0
3/12/2020,3167.94,0
3/13/2020,2957.9,0
3/14/2020,3844.4,0
3/15/2020,3602.31,0
3/16/2020,2613.58,0
3/17/2020,2845.14,0
3/18/2020,2476.38,0
3/19/2020,2813.33,0
3/20/2020,2409.84,0
3/21/2020,2247.3,0
3/22/2020,2253.91,0
3/23/2020,2052.18,0
3/24/2020,2268.7,0
3/25/2020,2229.48,0
3/26/2020,2362.75,0
3/27/2020,2422.87,0
3/28/2020,2631.59,0
3/29/2020,2312.27,0
3/30/2020,2369.3,0
3/31/2020,2927.93,0
4/1/2020,2976.82,0
4/2/2020,3128.95,0
4/3/2020,2850.14,0
4/4/2020,2809.4,0
4/5/2020,2766.8,0
4/6/2020,2981.19,0
4/7/2020,2557.05,0
4/8/2020,2559.19,0
4/9/2020,2938.53,0
4/10/2020,3100.5,0
4/11/2020,3094.55,0
4/12/2020,3246.07,0
4/13/2020,3448.22,0
4/14/2020,3018.34,0
4/15/2020,3101.12,0
4/16/2020,3273.81,0
4/17/2020,3417.66,0
4/18/2020,2777.5,0
4/19/2020,2283.19,0
4/20/2020,2633.13,0
4/21/2020,3068.05,0
4/22/2020,2716.27,0
4/23/2020,2951.72,0
4/24/2020,3176.28,0
4/25/2020,2857.4,0
4/26/2020,2865.28,0
4/27/2020,2729.89,0
4/28/2020,2422.94,0
4/29/2020,2647.55,0
4/30/2020,2660.93,0
5/1/2020,2937.56,0
5/2/2020,2477.88,0
5/3/2020,2666.02,0
5/4/2020,2824.76,0
5/5/2020,3178.1,0
5/6/2020,2663.36,0
5/7/2020,2918.01,0
5/8/2020,3135.88,0
5/9/2020,3060.57,0
5/10/2020,3789.89,0
5/11/2020,3481.51,0
5/12/2020,3634.35,0
5/13/2020,3665.7,0
5/14/2020,3679.97,0
5/15/2020,3444.51,0
5/16/2020,3248.18,0
5/17/2020,3118.28,0
5/18/2020,3158.24,0
5/19/2020,3699.09,0
5/20/2020,3209.43,0
5/21/2020,2980.73,0
5/22/2020,3484.86,0
5/23/2020,4095.56,0
5/24/2020,3855.6,0
5/25/2020,4388.47,0
5/26/2020,4117.72,0
5/27/2020,4101.79,0
5/28/2020,4442.86,0
5/29/2020,4518.83,0
5/30/2020,4583.21,0
5/31/2020,4664.93,0
6/1/2020,4947.19,0
6/2/2020,4512.1,0
6/3/2020,4457.42,0
6/4/2020,5083.99,0
6/5/2020,4587.18,0
6/6/2020,4337.91,0
6/7/2020,4694.67,0
6/8/2020,4703.66,0
6/9/2020,4350.74,0
6/10/2020,4864.15,0
6/11/2020,4476.5,0
6/12/2020,5085.25,0
6/13/2020,5019.49,0
6/14/2020,5576.43,0
6/15/2020,5506.22,0
6/16/2020,5331.76,0
6/17/2020,5541.54,0
6/18/2020,5186.14,0
6/19/2020,4275.16,0
6/20/2020,3503.45,0
6/21/2020,4719.29,0
6/22/2020,4964.4,0
6/23/2020,5116.4,0
6/24/2020,5198.3,0
6/25/2020,4956.13,0
6/26/2020,5141.69,0
6/27/2020,4794.92,0
6/28/2020,5363,0
6/29/2020,4921.66,0
6/30/2020,4789.27,0
7/1/2020,5122.75,0
7/2/2020,4771.43,0
7/3/2020,3721.01,0
7/4/2020,3485.02,0
7/5/2020,3917.34,0
7/6/2020,4105.76,0
7/7/2020,3579.72,0
7/8/2020,4084.75,0
7/9/2020,4138.2,0
7/10/2020,3932.89,0
7/11/2020,3453.49,0
7/12/2020,3853.36,0
7/13/2020,5041.12,0
7/14/2020,4841.03,0
7/15/2020,6487.25,0
7/16/2020,5651.34,0
7/17/2020,4714.1,0
7/18/2020,4454.11,0
7/19/2020,4410.41,0
7/20/2020,4753.54,0
7/21/2020,4427.88,0
7/22/2020,4404.32,0
7/23/2020,4677.14,0
7/24/2020,4431.8,0
7/25/2020,4209.35,0
7/26/2020,4599.97,0
7/27/2020,4826.39,0
7/28/2020,5533.24,0
7/29/2020,5252.14,0
7/30/2020,5097.19,0
7/31/2020,5373.57,0
8/1/2020,4935.97,0
8/2/2020,5849.66,0
8/3/2020,6863.09,0
8/4/2020,6017.44,0
8/5/2020,5838.55,0
8/6/2020,5771.87,0
8/7/2020,5717.64,0
8/8/2020,5419.65,0
8/9/2020,5846,0
8/10/2020,6254.62,0
8/11/2020,6354.76,0
8/12/2020,6315.59,0
8/13/2020,5703.65,0
8/14/2020,5160.21,0
8/15/2020,4734.4,0
8/16/2020,5187.98,0
8/17/2020,5273.17,0
8/18/2020,4306.51,0
8/19/2020,4412.3,0
8/20/2020,3980.75,0
8/21/2020,3722.83,0
8/22/2020,3897.37,0
8/23/2020,3545.7,0
8/24/2020,3877.39,0
8/25/2020,3713.6,0
8/26/2020,4266.32,0
8/27/2020,3417.87,0
8/28/2020,3651.35,0
8/29/2020,3681.87,0
8/30/2020,3871.28,0
8/31/2020,3777.52,0
9/1/2020,4041.26,0
9/2/2020,3569.82,0
9/3/2020,5575.46,0
9/4/2020,5011.34,0
9/5/2020,5387.65,0
9/6/2020,5257.61,0
9/7/2020,4109.87,0
9/8/2020,4689.43,0
9/9/2020,5088.34,0
9/10/2020,4731.26,0
9/11/2020,4111.78,0
9/12/2020,4648.82,0
9/13/2020,4938.47,0
9/14/2020,4802.8,0
9/15/2020,4548.77,0
9/16/2020,6009.39,0
9/17/2020,5679.99,0
9/18/2020,5428.17,0
9/19/2020,5231.91,0
9/20/2020,5683.5,0
9/21/2020,4818.28,0
9/22/2020,4346.58,0
9/23/2020,4644.67,0
9/24/2020,4376.17,0
9/25/2020,3641.18,0
9/26/2020,4612.64,0
9/27/2020,4257.35,0
9/28/2020,4623.78,0
9/29/2020,4206.35,0
9/30/2020,4720.04,0
10/1/2020,4431,0
10/2/2020,4669.69,0
10/3/2020,4837.1,0
10/4/2020,4894.07,0
10/5/2020,4974.99,0
10/6/2020,4425.66,0
10/7/2020,5115.58,0
10/8/2020,4707.65,0
10/9/2020,4605.36,0
10/10/2020,5577.3,0
10/11/2020,5606.52,0
10/12/2020,5078.28,0
10/13/2020,5156.21,0
10/14/2020,5184.22,0
10/15/2020,4857.73,0
10/16/2020,3957.69,0
10/17/2020,4629.38,0
10/18/2020,4816.02,0
10/19/2020,4709.57,0
10/20/2020,4832.58,0
10/21/2020,4445.1,0
10/22/2020,4120.4,0
10/23/2020,4360.4,0
10/24/2020,4568.36,0
10/25/2020,6328.7,0
10/26/2020,4880.17,0
10/27/2020,4818.97,0
10/28/2020,4386.11,0
10/29/2020,3959.84,0
10/30/2020,5231.1,0
10/31/2020,6133.84,0
10/31/2020,9.54,0
11/1/2020,6438.12,0
11/1/2020,20.95,0
11/2/2020,6180.74,0
11/2/2020,88.68,0
11/3/2020,6666.83,0
11/3/2020,23.82,0
11/4/2020,5717.16,0
11/4/2020,21.01,0
11/5/2020,5493.57,0
11/5/2020,171.19,0
11/6/2020,6416.31,0
11/6/2020,200.03,0
11/7/2020,7489.45,0
11/7/2020,197.98,0
11/8/2020,7551.72,0
11/8/2020,193.96,0
11/9/2020,5788.19,0
11/9/2020,199.89,0
11/10/2020,5378.14,0
11/10/2020,200.3,0
11/11/2020,5672.87,0
11/11/2020,194.38,0
11/12/2020,5300.27,0
11/12/2020,170.55,0
11/13/2020,5312.74,0
11/13/2020,136.08,0
11/14/2020,5833.53,0
11/14/2020,131.61,0
11/15/2020,5753.23,0
11/15/2020,134.23,0
11/16/2020,4367.54,0
11/16/2020,117.05,0
11/17/2020,4773.86,0
11/17/2020,111.1,0
11/18/2020,5030.26,0
11/18/2020,112.54,0
11/19/2020,5076.97,0
11/19/2020,113.29,0
11/20/2020,4682.02,0
11/20/2020,111.01,0
11/21/2020,5091.15,0
11/21/2020,116.12,0
11/22/2020,5994.23,0
11/22/2020,121.35,0
11/23/2020,4716.96,0
11/23/2020,115.25,0
11/24/2020,5640.1,0
11/24/2020,114.45,0
11/25/2020,6436.63,0
11/25/2020,114.97,0
11/26/2020,7114.88,0
11/26/2020,111.61,0
11/27/2020,9194.34,0
11/27/2020,110.89,0
11/28/2020,9455.88,0
11/28/2020,110.87,0
11/29/2020,12039.69,0
11/29/2020,112.19,0
11/30/2020,10117.01,0
12/1/2020,11011.19,0
12/2/2020,12389.97,0
12/3/2020,13777.68,0
12/4/2020,23132.62,0
12/4/2020,602.65,0
12/5/2020,16526.86,0
12/5/2020,679.39,0
12/6/2020,16668.81,0
12/6/2020,686.23,0
12/7/2020,15516.83,0
12/8/2020,8596.22,0
12/9/2020,9920.07,0
12/10/2020,8842.89,0
12/11/2020,7081.31,0
12/12/2020,8153.6,0
12/13/2020,11039.79,0
12/14/2020,7151.12,0
12/15/2020,6193.64,0
12/16/2020,6116.89,0
12/17/2020,6639.31,0
12/18/2020,6529.83,0
12/19/2020,7271.43,0
12/20/2020,6469,0
12/21/2020,4996.68,0
12/22/2020,5164.91,0
12/23/2020,4157,0
12/24/2020,3138.93,0
12/25/2020,6091.42,0
12/26/2020,5395.32,0
12/27/2020,5199.64,0
12/28/2020,5184.47,0
12/29/2020,3185.82,0
12/30/2020,3099.74,0
12/31/2020,2487.71,0
1/1/2021,3117.54,0
1/2/2021,4316.01,0
1/3/2021,3168.54,0
1/4/2021,3926.62,0
1/5/2021,3845.98,353.377887
1/6/2021,4329.74,342.549126
1/7/2021,4381.13,350.271768
1/8/2021,4792.98,354.141753
1/9/2021,5257.22,355.016551
1/10/2021,4789.22,353.448346
1/11/2021,4749.35,348.36
1/12/2021,4439.76,351.283353
1/13/2021,4676.78,350.731662
1/14/2021,4577.06,348.469858
1/15/2021,3022.69,339.926958
1/16/2021,3594.5,357.898264
1/17/2021,3216.97,351.64
1/18/2021,2539.83,399.57
1/19/2021,2664.4,423.111424
1/20/2021,5468.91,421.62
1/21/2021,3939.93,529.249047
1/22/2021,4641.88,528.97
1/23/2021,5308.86,552.51
1/24/2021,5004.63,523.24767
1/25/2021,4640.5,509.258808
1/26/2021,4467.56,544.65
1/27/2021,4694.2,545.763465
1/28/2021,4915.83,538.02
1/29/2021,4909.5,547.3
1/30/2021,6815.94,548.3
1/31/2021,5589.23,533.9
2/1/2021,5465.71,526.81
2/2/2021,5053.46,527.16
2/3/2021,6112.92,527.076499
2/4/2021,5356.74,513.18
2/5/2021,5019.97,518.4
2/6/2021,6171.53,533.89
2/7/2021,5610.57,523.57
2/8/2021,4940.91,507.71
2/9/2021,4373.19,508.8553
2/10/2021,5010.74,508.35
2/11/2021,4943.36,518.268821
2/12/2021,4342.64,521.28
2/13/2021,4343.03,551.91
2/14/2021,8556.58,524.95
2/15/2021,4321.73,374.05
2/16/2021,2764.59,301.96
2/17/2021,2878.24,302.57
2/18/2021,3104.7,289.615175
2/19/2021,2929.15,303.58
2/20/2021,2894.12,306.37
2/21/2021,3923.79,309.37
2/22/2021,3898.18,306.3
2/23/2021,2726.9,299.316185
2/24/2021,3231.9,308.146379
2/25/2021,3240.35,303.493219
2/26/2021,3689.27,296.74
2/27/2021,3798.17,311.59
2/28/2021,4608.61,309.211856
3/1/2021,3804.19,295.62
3/2/2021,4053.47,310.103764
3/3/2021,4445.62,305.057548
3/4/2021,5012.58,304.026772
3/5/2021,3745.43,298.78
3/6/2021,3425.41,312.18
3/7/2021,4875.26,307.26
3/8/2021,5469.47,296.23
3/9/2021,5503.32,271.66
3/10/2021,5442.42,258.305933
3/11/2021,3778.34,248.45
3/12/2021,4245.37,246.56866
3/13/2021,4738.65,266.69
3/14/2021,5971.27,257.335471
3/15/2021,4225.13,244.79
3/16/2021,4040.33,251.295893
3/17/2021,4379.09,255.208658
3/18/2021,3883.11,256.66
3/19/2021,3954.99,260.09
3/20/2021,4740.39,259.57
3/21/2021,5194.7,257.358647
3/22/2021,5229.72,251.24
3/23/2021,5933.55,257.55
3/24/2021,6097.58,253.94
3/25/2021,5407.05,249.134584
3/26/2021,5249.13,253.25
3/27/2021,5870.98,262.51
3/28/2021,5583.22,254.26
3/29/2021,5474.15,246.89
3/30/2021,5364.49,256.66
3/31/2021,5702.07,268.751271
4/1/2021,5869.51,277.727508
4/2/2021,5321.14,281.49
4/3/2021,6112.89,288.63
4/4/2021,6328.62,286.49
4/5/2021,7098.36,287.222476
4/6/2021,6612.92,276.377573
4/7/2021,6539.01,272.168696
4/8/2021,4029.86,263.112557
4/9/2021,3520.89,278.44
4/10/2021,3869.48,281.64
4/11/2021,3713.69,274.25
4/12/2021,3198.74,276.21
4/13/2021,2965.82,268.591291
4/14/2021,3820.27,278.901134
4/15/2021,4201.83,270.113578
4/16/2021,3620.23,276.967463
4/17/2021,3687.76,279.917478
4/18/2021,4202.15,271.94
4/19/2021,4111.06,269.9
4/20/2021,4479.65,276.46
4/21/2021,6023.3,277.112392
4/22/2021,4666.96,270.507446
4/23/2021,3099.31,273.02
4/24/2021,4447.69,285.98
4/25/2021,4666.66,277.698601
4/26/2021,4532.65,276.7
4/27/2021,4434.78,276.576958
4/28/2021,5262.7,274.837483
4/29/2021,5273.14,273.85
4/30/2021,5225.09,269.16
5/1/2021,6631.33,276.17
5/2/2021,6065.03,276.37
5/3/2021,5036.38,271.05
5/4/2021,4658.23,273.31
5/5/2021,5974.73,278.45
5/6/2021,5343.71,271.19
5/7/2021,4846.56,271.62
5/8/2021,4601.56,283.01
5/9/2021,4916.7,276.9
5/10/2021,3907.89,269.572842
5/11/2021,3398.67,271.358718
5/12/2021,3634.07,270.35
5/13/2021,4782.11,275
5/14/2021,4817.64,273.525878
5/15/2021,4977.01,288.39
5/16/2021,5186.59,276.26
5/17/2021,4390.56,271.67
5/18/2021,4362.68,275.16
5/19/2021,4904.97,264.25
5/20/2021,4301.75,268.87
5/21/2021,4550.32,276.78
5/22/2021,5764.94,291.99
5/23/2021,4261.46,270.47
5/24/2021,5909.24,273.17
5/25/2021,5189.9,273.158716
5/26/2021,5060.16,278.46
5/27/2021,4426.52,273.97873
5/28/2021,4672.05,270.96
5/29/2021,4909.02,284.8
5/30/2021,5670.59,278.36
5/31/2021,5918.89,275.861269
6/1/2021,5642.06,276.99
6/2/2021,6707.2,274.692384
6/3/2021,6800.65,272.372973
6/4/2021,5874.2,269.640877
6/5/2021,5870.92,276.990524
6/6/2021,6708.75,277.597223
6/7/2021,6303.91,276.776823
6/8/2021,5561.67,269.3116
6/9/2021,5995.49,271.098703
6/10/2021,5696.59,276.017434
6/11/2021,4941.41,271.74
6/12/2021,5397.39,282.4
6/13/2021,6269.18,271.68
6/14/2021,7664.39,265.89
6/15/2021,7301.88,279.8
6/16/2021,7808.89,278.89
6/17/2021,6666.87,272.09
6/18/2021,6231.09,274.511253
6/19/2021,6425.76,282.13
6/20/2021,7177.56,276.98
6/21/2021,6765.4,270.01
6/22/2021,6681.9,276.14
6/23/2021,7107.18,274.59
6/24/2021,6974.19,274.01
6/25/2021,7142.74,263.42
6/26/2021,7251.61,289.851493
6/27/2021,7540.83,277.89
6/28/2021,8229.67,276.927065
6/29/2021,9018.2,273.56
6/30/2021,10328.12,311.74
7/1/2021,8647.36,331.32
7/2/2021,7834.56,320.96
7/3/2021,8518.81,334.367155
7/4/2021,8917.11,337.8
7/5/2021,7806.9,330.04
7/6/2021,7905.66,340.14
7/7/2021,8146.74,337.12
7/8/2021,7663.62,325.038601
7/9/2021,6269.1,328.077155
7/10/2021,6416.61,346.73
7/11/2021,6944.59,339.07
7/12/2021,7361.24,336.53
7/13/2021,6105.99,334.261397
7/14/2021,6242.59,323.17
7/15/2021,5539.05,312.822661
7/16/2021,6099.54,321.48
7/17/2021,6188.71,342.35
7/18/2021,6162.53,328.06
7/19/2021,6251.41,320.71
7/20/2021,5763.83,326.15
7/21/2021,5983.81,326.255753
7/22/2021,5753.99,318.21
7/23/2021,5800.03,315.62
7/24/2021,4607.46,339.98
7/25/2021,5037.46,325.79
7/26/2021,6486.25,322.09
7/27/2021,6144.95,326.101446
7/28/2021,6251.77,322.18
7/29/2021,6625.59,320.979013
7/30/2021,7163.48,319.47
7/31/2021,7458.31,338.4
8/1/2021,7595.78,328.23
8/2/2021,7434.85,328.55
8/3/2021,7061.35,326.858877
8/4/2021,7728.56,315.74
8/5/2021,7352.64,321.16731
8/6/2021,6239.28,317.85
8/7/2021,7074.48,336.6
8/8/2021,7027.54,327.89
8/9/2021,6364.92,317.51
8/10/2021,5733.67,391.13
8/11/2021,4862.74,453.842551
8/12/2021,5091.16,463.9
8/13/2021,4507.88,467.660901
8/14/2021,4979.9,494.94
8/15/2021,5636.27,479.69
8/16/2021,6704.5,477.229084
8/17/2021,6354.91,477.45
8/18/2021,7067.99,470.530307
8/19/2021,7312.09,475.540915
8/20/2021,6358.66,465.3
8/21/2021,5743.45,479.26062
8/22/2021,6779.91,477.57265
8/23/2021,8625.39,474.109064
8/24/2021,8995.97,478.72
8/25/2021,8105.52,468.340613
8/26/2021,7448.29,476.71
8/27/2021,8021.92,461.78
8/28/2021,7355.46,487.75
8/29/2021,8080.75,476.6
8/30/2021,9233.63,428.31
8/31/2021,7789.34,483.08
9/1/2021,5790.51,546.19
9/2/2021,5882.86,529.93
9/3/2021,5926.79,538.96
9/4/2021,5484.84,582.720517
9/5/2021,5789.96,555.34
9/6/2021,9860,451.01
9/7/2021,5115.99,427.380373
9/8/2021,5471.14,429.474976
9/9/2021,5967.21,409.302511
9/10/2021,4947.8,411.91
9/11/2021,5356.51,444.38
9/12/2021,6383.32,431.219333
9/13/2021,4777.35,413.63
9/14/2021,5246.09,431.13
9/15/2021,6755.21,391.663242
9/16/2021,5049.67,366.17
9/17/2021,4869.13,365.141199
9/18/2021,5960.78,391.32
9/19/2021,7298.65,378.61
9/20/2021,5645.11,371.05
9/21/2021,4765.13,375.13
9/22/2021,5251.22,370.01
9/23/2021,5080.34,375.269266
9/24/2021,5227.46,373.309262
9/25/2021,6975.52,385.9
9/26/2021,7969.43,380.86
9/27/2021,6176.65,364.04
9/28/2021,6170.39,373.64
9/29/2021,6917.24,399.19
9/30/2021,4529.14,451.91
10/1/2021,5076.26,475.85
10/2/2021,6354.06,496.959426
10/3/2021,7291.35,491.012553
10/4/2021,6246.37,317.3939
10/5/2021,5735.19,510.499495
10/6/2021,5600.44,495.687474
10/7/2021,5520.74,491.44
10/8/2021,5764.74,479.466141
10/9/2021,5472.43,523.79
10/10/2021,6110.98,486.1
10/11/2021,5293.18,448.120111
10/12/2021,5238.76,445.28063
10/13/2021,5826.43,472.143208
10/14/2021,4700.74,466.040077
10/15/2021,4797.6,490.590572
10/16/2021,5430.25,513.88
10/17/2021,6731.61,512.77
10/18/2021,5516.68,498.030569
10/19/2021,4808.65,562.773581
10/20/2021,5301.72,571.801902
10/21/2021,4575.28,558.71
10/22/2021,5031.65,559.82
10/23/2021,6360.85,593.16
10/24/2021,6752.92,571.880991
10/25/2021,6000.24,556.85
10/26/2021,6058.42,446.900634
10/27/2021,5554.1,493.896401
10/28/2021,4942.56,623.532201
10/29/2021,5250.81,672.400693
10/30/2021,5927.64,669.950796
10/31/2021,6477.66,658.78
11/1/2021,7387.63,651.191678
11/2/2021,5860,634.043475
11/3/2021,5820.66,591.114627
11/4/2021,5951.38,523.029331
11/5/2021,6117.31,509.27
11/6/2021,8367.32,517.26
11/7/2021,9720.36,521.94
11/8/2021,8968.14,519.173117
11/9/2021,7421.2,514.22
11/10/2021,7417.27,558.558628
11/11/2021,8883.46,563.499932
11/12/2021,7404.88,543.430997
11/13/2021,10671.9,575.650962
11/14/2021,9265.25,564.360952
11/15/2021,8597.45,563.272859
11/16/2021,8754.7,561.64
11/17/2021,8964.16,569.35189
11/18/2021,9054.59,564.1
11/19/2021,9201.44,556.669512
11/20/2021,11989.83,575.730969
11/21/2021,11810.14,570.4519
11/22/2021,9982.12,563.731909
11/23/2021,11163.73,569.560953
11/24/2021,14075.04,589.17
11/25/2021,18441.05,615.18
11/26/2021,44782.93,674.27
11/27/2021,29771.94,679.88
11/28/2021,48549.05,881.09
11/29/2021,29047.09,861.38
11/30/2021,15816.82,870.84
12/1/2021,18443.63,892.25
12/2/2021,14818.88,860.601972
12/3/2021,15499.75,863.24
12/4/2021,20450.71,916.600619
12/5/2021,20825.25,886.371896
12/6/2021,19136.88,884.520477
12/7/2021,18890.88,872.134718
12/8/2021,16964.32,869.671718
12/9/2021,14410.61,866.66
12/10/2021,13631.93,869.522327
12/11/2021,15263.81,896.928863
12/12/2021,18141.02,881.165616
12/13/2021,15157.15,899.77147
12/14/2021,13496.17,935.051277
12/15/2021,13837.33,1016.28
12/16/2021,12945.39,1062.96287
12/17/2021,11681.46,1088.4744
12/18/2021,12863.39,1130.04
12/19/2021,14197.03,1148.41
12/20/2021,15829.5,1157.39
12/21/2021,13244.59,1253.1
12/22/2021,8161.72,1472.36084
12/23/2021,5240.7,1635.53963
12/24/2021,3383.92,1672.30037
12/25/2021,13220.75,1722.69435
12/26/2021,12722.62,1711.44073
12/27/2021,13675.6,1370.16045
12/28/2021,11280.31,1117.07
12/29/2021,6297.83,1110.7889
12/30/2021,5305.41,983.6
12/31/2021,4116.22,944
1/1/2022,5846.83,1029.56
1/2/2022,9389.4,1013.22
1/3/2022,7611.7,1009.31
1/4/2022,9146.91,997.270601
1/5/2022,8723.76,784.43
1/6/2022,7444.24,762.681429
1/7/2022,6063.21,763.7
1/8/2022,6956.92,796.51
1/9/2022,6740.39,802.99
1/10/2022,5622,794.60077
1/11/2022,4949.36,790.491523
1/12/2022,7549.41,812.36
1/13/2022,5701.8,792.3
1/14/2022,5258.43,785.52
1/15/2022,6306.45,821.74
1/16/2022,6737.72,805.08
1/17/2022,5856.29,781.749237
1/18/2022,5643.12,788.245403
1/19/2022,5591.96,789.411511
1/20/2022,4852.17,821.230859
1/21/2022,4690.72,805.62
1/22/2022,5505.07,808.66
1/23/2022,5776.91,804.81
1/24/2022,4967.98,788.38
1/25/2022,4632.63,808.14
1/26/2022,4601.47,797.969818
1/27/2022,4467.32,792.072768
1/28/2022,5059.9,344.85
1/29/2022,5447.64,0
1/30/2022,5851.51,0
1/31/2022,5055.97,0
2/1/2022,5654.08,930.291976
2/2/2022,6016.85,930.579143
2/3/2022,5444.32,928.289188
2/4/2022,5136.38,928.97
2/5/2022,6331.3,928.99
2/6/2022,7329.64,808.43
2/7/2022,6587.4,787.13
2/8/2022,6422.49,815.667755
2/9/2022,7055.87,804.87
2/10/2022,6598.35,796.15
2/11/2022,6819.35,803.3
2/12/2022,7346.97,784.5
2/13/2022,8423.73,790.02
2/14/2022,7860.45,786.450836
2/15/2022,7440.46,813.93
2/16/2022,7429.61,803.286213
2/17/2022,4605.85,795.82
2/18/2022,4753.27,795.14
2/19/2022,7089.81,814.48
2/20/2022,7257.35,789.34
2/21/2022,7757.35,775.8
2/22/2022,6734.2,814.38
2/23/2022,6271.55,780.89
2/24/2022,5633.38,793.94
2/25/2022,6155.74,812.81
2/26/2022,7068.46,832.84
2/27/2022,9025.82,780.96
2/28/2022,8110.21,805.969181
3/1/2022,7776.53,804.261679
3/2/2022,8254.61,805.74
3/3/2022,7406.89,781.951701
3/4/2022,7092.71,790.772486
3/5/2022,8638.92,830.33
3/6/2022,9585.97,802.211666
3/7/2022,8898.5,808.88
3/8/2022,8368.15,795.638322
3/9/2022,9343.74,787.61
3/10/2022,7735.62,806.22
3/11/2022,6995.76,629.32
3/12/2022,7386.24,601.63
3/13/2022,8302.47,641.57
3/14/2022,6722.98,651.76
3/15/2022,6412.27,662.28
3/16/2022,7336.58,644.99
3/17/2022,6466.18,856.4
3/18/2022,5762.56,735.77
3/19/2022,7192.68,716.16
3/20/2022,7402.22,662.72
3/21/2022,6194.97,647.24
3/22/2022,5740.31,681.72
3/23/2022,5726.49,680.66
3/24/2022,4889.88,707.48
3/25/2022,5145.39,700.15
3/26/2022,5281.6,742.9
3/27/2022,5522.86,735.21
3/28/2022,5478.67,729.87
3/29/2022,5893.82,724.55
3/30/2022,5826.35,761.14
3/31/2022,5663.69,803.87
4/1/2022,6182.01,820.92
4/2/2022,8889.18,866.44
4/3/2022,10478.39,965.16
4/4/2022,8837.39,951.72
4/5/2022,9472.66,936.687186
4/6/2022,10686.33,969.34
4/7/2022,8339.56,1022.42
4/8/2022,8789.81,1051.75
4/9/2022,9917.68,1145.96
4/10/2022,10989.55,1263.61
4/11/2022,8747.82,1169.46446
4/12/2022,9223.42,1265.19
4/13/2022,8944.26,1222.87553
4/14/2022,7368.92,1220.6874
4/15/2022,6593.76,1172.32
4/16/2022,7405.51,1297.94
4/17/2022,8040.63,1360.67
4/18/2022,9383.63,1271.9
4/19/2022,7934.48,1195.21
4/20/2022,7008.39,1185.23
4/21/2022,6987.58,1100.43
4/22/2022,5914.16,1051.07266
4/23/2022,6910.92,1093.14
4/24/2022,6728.05,1187.22
4/25/2022,6869.99,1123.12733
4/26/2022,6620.38,1107.95262
4/27/2022,6576.47,1098.75
4/28/2022,5911.55,946.01
4/29/2022,6154.16,933.93
4/30/2022,5845.22,990.24
5/1/2022,7660.15,1090.37
5/2/2022,10046.98,1015.65
5/3/2022,5146.68,987.28
5/4/2022,7706.53,1110.47
5/5/2022,5572.09,1133.75
5/6/2022,6108.69,1159.01
5/7/2022,6171.39,1225.39647
5/8/2022,7231.36,1317.64
5/9/2022,6227.33,1211.68
5/10/2022,5648.73,1271.88
5/11/2022,6144.73,1132.90081
5/12/2022,5800.57,1180.82
5/13/2022,5285.29,1211.57672
5/14/2022,5844.38,1304.02
5/15/2022,6953.82,1544.53
5/16/2022,6704.57,1745.07283
5/17/2022,5433.56,1676.79717
5/18/2022,5581.49,1365.92425
5/19/2022,4856.4,1354.11719
5/20/2022,4548.23,1294.36
5/21/2022,4342.34,1388.39
5/22/2022,5785.88,1446.2
5/23/2022,6164.36,1362.46
5/24/2022,5662.12,1306.39
5/25/2022,5578.53,1499.09675
5/26/2022,6264.58,1434.54
5/27/2022,5472.73,1518.22
5/28/2022,5471.96,1555.21
5/29/2022,7842.42,1659.67
5/30/2022,8564.97,1595.17
5/31/2022,8003.7,1523.94021
6/1/2022,9161.94,1649.01698
6/2/2022,8745.02,1673.97117
6/3/2022,8017.92,1641.52
6/4/2022,7266.36,1731.89
6/5/2022,7562.11,1857.74
6/6/2022,8730.37,1789.55295
6/7/2022,7881.57,1726.89299
6/8/2022,8110.23,1706.49198
6/9/2022,6473.08,1662.50296
6/10/2022,7046.28,1668.39317
6/11/2022,7665.93,1753
6/12/2022,8045.24,1852.27
6/13/2022,8887.08,1780.58401
6/14/2022,7829.46,1565.81709
6/15/2022,5471.82,1536.24517
6/16/2022,4097.02,1506.26092
6/17/2022,3282.37,1297.24425
6/18/2022,3238.31,1263.3
6/19/2022,5159.89,1441.51241
6/20/2022,6483.97,1215.6
6/21/2022,5377.36,1151.41
6/22/2022,7822.15,1230.9675
6/23/2022,7028.59,1317.20596
6/24/2022,6113.45,1280.32
6/25/2022,5945.27,1300.39
6/26/2022,6702.68,1461.89
6/27/2022,5692.03,1397.8959
6/28/2022,4888.09,1341.83862
6/29/2022,5153.78,1324.95851
6/30/2022,5155.42,1299.82449
7/1/2022,4436.65,1417.68104
7/2/2022,4933.67,1459.69
7/3/2022,7003.61,1666.5477
7/4/2022,5711.88,1596.5
7/5/2022,6214.13,1580.99
7/6/2022,5585.75,1731.2718
7/7/2022,5218.99,1718.46053
7/8/2022,5621.94,1564.06042
7/9/2022,4680.73,1497.29
7/10/2022,4623.15,1657.10832
7/11/2022,4839.31,1586.9161
7/12/2022,4568.08,1314.01
7/13/2022,3763.82,1326.40619
7/14/2022,3831.82,1313.72427
7/15/2022,3326.34,1107.13676
7/16/2022,3686.72,1091.56
7/17/2022,4191.39,1227.09
7/18/2022,4388.74,1194.32713
7/19/2022,3675.99,1145.76
7/20/2022,3720.24,1126.8172
7/21/2022,3433.41,1108.8214
7/22/2022,3151.29,947.48
7/23/2022,2841.96,892.9
7/24/2022,4071.32,1009.7625
7/25/2022,6311.15,979.46
7/26/2022,6049.21,1050.11288
7/27/2022,6313.14,1091.6055
7/28/2022,6317.13,1344.07293
7/29/2022,6387.94,1416.82
7/30/2022,5281.19,1147.9
7/31/2022,6202.77,1216.19828
8/1/2022,6977.59,1197.3
8/2/2022,6177.65,1151.91
8/3/2022,4819.41,1133.11
8/4/2022,5413.19,1168.71
8/5/2022,5145.05,1063.10869
8/6/2022,5145.42,1104.11672
8/7/2022,5633.79,1163.88
8/8/2022,5745.96,1114.05338
8/9/2022,5667.14,1107.69286
8/10/2022,5082.14,934.403507
8/11/2022,4793.86,957.325432
8/12/2022,4097.16,905.38
8/13/2022,3762.65,913.920006
8/14/2022,4207.62,962.693204
8/15/2022,4652.67,976.579516
8/16/2022,4636.72,880.117864
8/17/2022,4445.95,862.473467
8/18/2022,3863.42,836.09
8/19/2022,3633.51,837.851162
8/20/2022,2980.04,885.077337
8/21/2022,3562.21,948.21
8/22/2022,4211.69,950.515544
8/23/2022,4409.21,968.592481
8/24/2022,4140.39,1024.16264
8/25/2022,4335.82,1226.21761
8/26/2022,4001.58,1244.75
8/27/2022,4191.38,1332.87
8/28/2022,4833.83,1381.63293
8/29/2022,5973.93,1356.647
8/30/2022,5976.09,1307.61314
8/31/2022,6074.19,1328.24
9/1/2022,5992.22,1163.19
9/2/2022,5252.25,1176
9/3/2022,5846.91,1267.97
9/4/2022,6988.49,1374.81
9/5/2022,6697.72,1353.41
9/6/2022,7406.4,1396.51671
9/7/2022,7180.38,1530.52653
9/8/2022,7128.7,1581.0068
9/9/2022,6574.97,1556.08524
9/10/2022,6997.87,1595.68
9/11/2022,7400.26,1690.21674
9/12/2022,6181.92,1375.74636
9/13/2022,6368.12,1330.64737
9/14/2022,6241.21,1351.04709
9/15/2022,5449.49,1241.50723
9/16/2022,5248.84,1165.64
9/17/2022,5572.26,1100.16
9/18/2022,6219.42,1197.6612
9/19/2022,5241.03,1179.43
9/20/2022,5052.39,1154.51111
9/21/2022,5212.45,1143.93099
9/22/2022,4122.81,1158.29
9/23/2022,4442.75,989.602839
9/24/2022,4922.85,961.558037
9/25/2022,5478.74,1052.02
9/26/2022,4490.85,1033.12
9/27/2022,4605.48,1011.41428
9/28/2022,5327.47,1016.3568
9/29/2022,5068.98,1167.99
9/30/2022,4219.18,1144.48699
10/1/2022,5027.88,1136.95
10/2/2022,5575.95,1214.6
10/3/2022,4942.75,1189.67072
10/4/2022,5184.32,1162.20687
10/5/2022,5640.43,1139.73966
10/6/2022,5150.73,1132.61687
10/7/2022,4376.23,1035.44695
10/8/2022,5013.98,1022.73
10/9/2022,5581.91,1127.64
10/10/2022,5486.98,1099.83661
10/11/2022,4499.79,1075.60342
10/12/2022,4690.22,980.9
10/13/2022,4584.4,860.79
10/14/2022,4120.8,892.252041
10/15/2022,5011.18,941.334092
10/16/2022,5304.48,1037.29596
10/17/2022,5037.41,1010.5742
10/18/2022,4648.33,982.66795
10/19/2022,4729.93,1011.18509
10/20/2022,4625.3,1062.38175
10/21/2022,4037.99,935.573899
10/22/2022,4750.49,910.478786
10/23/2022,5439.33,1027.04
10/24/2022,5078.49,996.31
10/25/2022,6316.55,972.778653
10/26/2022,6073.14,964.012419
10/27/2022,6001.67,962.228064
10/28/2022,5889.87,1040.78241
10/29/2022,6479.29,1072.64624
10/30/2022,7447.07,1205.8
10/31/2022,6807.12,1139.52366
11/1/2022,7300.79,1116.88
11/2/2022,7268,1102.75638
11/3/2022,7554.91,1103.29
11/4/2022,7383.46,1146.26
11/5/2022,7792.71,1221.18121
11/6/2022,8522.22,1362.52
11/7/2022,8049.07,1424.24354
11/8/2022,7547.53,1488.64
11/9/2022,8327.72,1469.19077
11/10/2022,7330.3,1435.77176
11/11/2022,8778.08,1268.84606
11/12/2022,8555.01,1255.37401
11/13/2022,8691.99,1362.16605
11/14/2022,8406.26,1309.48
11/15/2022,8023.39,1274.74554
11/16/2022,5339.62,1243.14934
11/17/2022,4507.85,1150.19316
11/18/2022,5027.97,1150.75995
11/19/2022,5761.85,1191.22616
11/20/2022,9558.26,1652.9
11/21/2022,8846.3,1766.15
11/22/2022,8189.34,1885.41714
11/23/2022,9017.35,1911.9348
11/24/2022,11846.27,1915.57
11/25/2022,26274.78,1965.27215
11/26/2022,22570.66,0
11/27/2022,34207.5,3500.61249
11/28/2022,32614.04,2871.39597
11/29/2022,13902.88,2325.51093
11/30/2022,13831.6,1854.56453
12/1/2022,12440.22,1735.59306
12/2/2022,10557.57,1702.84391
12/3/2022,10244.73,1732.72
12/4/2022,12592.64,1886.1848
12/5/2022,9793.35,1863.01922
12/6/2022,10390.07,2088.36308
12/7/2022,13688.34,2249.69387
12/8/2022,17595.45,2249.80613
12/9/2022,15264.23,2630.45306
12/10/2022,16406.87,3072.41
12/11/2022,17446.23,3555.12
12/12/2022,16427.17,3895.86
12/13/2022,16117.16,3937.21
12/14/2022,16524.8,3870.24282
12/15/2022,15005.49,3846.27841
12/16/2022,14150.12,3583.38309
12/17/2022,15969.56,3999.9
12/18/2022,14681.38,4181.67
12/19/2022,18164.83,3946.38
12/20/2022,9517.07,3632.02
12/21/2022,9045.36,3276.32309
12/22/2022,6705.81,2343.32
12/23/2022,4528.8,1708.1445
12/24/2022,3514.28,1351.5
12/25/2022,9960.14,1527.88
12/26/2022,8115.29,1415.81
12/27/2022,6975.78,1503.6855
12/28/2022,7543.94,1765.89
12/29/2022,7754.17,1755.62
12/30/2022,5096.5,1743.07
12/31/2022,4456.66,1799.14