date,transactions,revenue,black Friday
1/1/2020,86,31176.28,0
1/2/2020,168,57361.28,0
1/3/2020,154,60400.09,0
1/4/2020,107,38269.96,0
1/5/2020,145,47472.87,0
1/6/2020,115,41402.59,0
1/7/2020,103,36827.12,0
1/8/2020,274,93240.89,0
1/9/2020,199,68535.62,0
1/10/2020,157,51770.37,0
1/11/2020,162,50236.99,0
1/12/2020,202,62305.24,0
1/13/2020,130,42645.13,0
1/14/2020,150,48667.25,0
1/15/2020,136,41782.65,0
1/16/2020,94,27078.44,0
1/17/2020,160,44478.57,0
1/18/2020,143,45975.39,0
1/19/2020,156,50021.82,0
1/20/2020,128,38868,0
1/21/2020,120,35189.79,0
1/22/2020,132,38119.18,0
1/23/2020,130,41434.82,0
1/24/2020,127,35929.2,0
1/25/2020,109,33095.89,0
1/26/2020,158,42219.42,0
1/27/2020,170,55536.57,0
1/28/2020,133,39637.37,0
1/29/2020,152,45639.56,0
1/30/2020,142,42134.64,0
1/31/2020,133,42604.45,0
2/1/2020,178,49519.55,0
2/2/2020,212,61820.31,0
2/3/2020,185,52379.92,0
2/4/2020,178,49833,0
2/5/2020,179,56696.56,0
2/6/2020,132,40503.37,0
2/7/2020,114,33020.85,0
2/8/2020,159,46474.66,0
2/9/2020,188,54461.46,0
2/10/2020,170,48779.88,0
2/11/2020,117,34308.93,0
2/12/2020,164,48185.6,0
2/13/2020,134,48224.04,0
2/14/2020,109,34903.79,0
2/15/2020,129,39274.19,0
2/16/2020,165,47869.62,0
2/17/2020,173,51454.38,0
2/18/2020,123,35286.17,0
2/19/2020,119,64948.15,0
2/20/2020,133,37251.06,0
2/21/2020,115,32685.27,0
2/22/2020,96,28434.26,0
2/23/2020,145,39791.19,0
2/24/2020,143,43313.43,0
2/25/2020,155,48703.47,0
2/26/2020,162,47380.27,0
2/27/2020,140,41113.07,0
2/28/2020,117,35455.48,0
2/29/2020,131,43353.63,0
3/1/2020,131,41329.97,0
3/2/2020,137,42688.22,0
3/3/2020,142,46109.12,0
3/4/2020,150,48159.88,0
3/5/2020,153,48042.72,0
3/6/2020,130,43365.36,0
3/7/2020,138,41711.9,0
3/8/2020,168,57970.33,0
3/9/2020,130,42815.24,0
3/10/2020,138,43345.89,0
3/11/2020,126,42700.88,0
3/12/2020,119,39817.02,0
3/13/2020,103,32942.3,0
3/14/2020,164,50457.45,0
3/15/2020,133,41459.73,0
3/16/2020,70,22540.51,0
3/17/2020,88,27699.34,0
3/18/2020,100,28593.64,0
3/19/2020,85,26209.56,0
3/20/2020,90,27321.25,0
3/21/2020,79,27031.49,0
3/22/2020,81,25722.9,0
3/23/2020,74,24540.18,0
3/24/2020,83,23902.09,0
3/25/2020,126,39607.44,0
3/26/2020,121,36058.13,0
3/27/2020,108,33806.74,0
3/28/2020,102,30629.52,0
3/29/2020,121,35980.84,0
3/30/2020,107,37214.79,0
3/31/2020,115,37956.45,0
4/1/2020,135,47426.49,0
4/2/2020,129,41111.72,0
4/3/2020,154,51209.49,0
4/4/2020,130,41804.31,0
4/5/2020,118,40109.15,0
4/6/2020,157,49236.97,0
4/7/2020,134,44822.14,0
4/8/2020,129,42737.62,0
4/9/2020,156,47235.06,0
4/10/2020,133,44459.13,0
4/11/2020,114,38576.67,0
4/12/2020,126,41839.26,0
4/13/2020,163,54808.04,0
4/14/2020,129,41463.79,0
4/15/2020,131,39983.89,0
4/16/2020,112,32240.47,0
4/17/2020,163,49560.36,0
4/18/2020,182,58278.54,0
4/19/2020,132,40097.21,0
4/20/2020,176,53433.27,0
4/21/2020,116,35081.96,0
4/22/2020,107,33983.46,0
4/23/2020,102,32430.3,0
4/24/2020,109,32875.44,0
4/25/2020,114,36910.64,0
4/26/2020,102,33917.29,0
4/27/2020,152,44877.08,0
4/28/2020,105,32551.75,0
4/29/2020,140,45584.23,0
4/30/2020,126,40945.31,0
5/1/2020,124,39368.69,0
5/2/2020,122,39282.99,0
5/3/2020,100,30534.71,0
5/4/2020,136,40549.62,0
5/5/2020,159,48316.36,0
5/6/2020,132,40852.61,0
5/7/2020,144,46449.52,0
5/8/2020,129,40161.46,0
5/9/2020,125,38953.57,0
5/10/2020,155,51739.53,0
5/11/2020,143,44653.56,0
5/12/2020,114,34881.17,0
5/13/2020,134,41368.9,0
5/14/2020,127,40621.01,0
5/15/2020,122,38826.41,0
5/16/2020,142,44102.99,0
5/17/2020,165,54644.74,0
5/18/2020,156,47186.74,0
5/19/2020,152,50790.16,0
5/20/2020,120,42393.81,0
5/21/2020,154,49640.19,0
5/22/2020,129,39203.87,0
5/23/2020,137,42000.99,0
5/24/2020,178,55874.41,0
5/25/2020,198,65514.05,0
5/26/2020,141,45563.67,0
5/27/2020,128,38345.35,0
5/28/2020,162,52597.94,0
5/29/2020,151,44506.48,0
5/30/2020,151,47847.61,0
5/31/2020,206,63154.48,0
6/1/2020,215,66395.6,0
6/2/2020,172,54797.27,0
6/3/2020,183,57118.47,0
6/4/2020,162,53286.18,0
6/5/2020,154,52498.07,0
6/6/2020,148,41967.29,0
6/7/2020,211,62788.11,0
6/8/2020,196,62032.8,0
6/9/2020,161,49862.59,0
6/10/2020,180,55939.18,0
6/11/2020,159,48752.97,0
6/12/2020,149,47042.47,0
6/13/2020,177,56700.07,0
6/14/2020,181,56901.97,0
6/15/2020,227,67843.21,0
6/16/2020,170,51384.53,0
6/17/2020,140,41186.42,0
6/18/2020,169,50636.13,0
6/19/2020,148,47126.68,0
6/20/2020,134,42054.88,0
6/21/2020,129,38637.62,0
6/22/2020,158,53790.71,0
6/23/2020,133,40837.28,0
6/24/2020,136,43528.52,0
6/25/2020,120,41125.82,0
6/26/2020,151,41200.48,0
6/27/2020,160,49900.73,0
6/28/2020,209,64846.58,0
6/29/2020,208,63105.86,0
6/30/2020,142,44988.94,0
7/1/2020,179,56265.96,0
7/2/2020,173,57773.24,0
7/3/2020,142,44905.59,0
7/4/2020,150,48892.73,0
7/5/2020,187,59182.47,0
7/6/2020,220,65824.56,0
7/7/2020,128,39113.51,0
7/8/2020,143,43155.47,0
7/9/2020,124,41229.94,0
7/10/2020,141,47224.38,0
7/11/2020,127,36511.55,0
7/12/2020,123,37954.25,0
7/13/2020,135,45283.26,0
7/14/2020,151,48847.05,0
7/15/2020,254,80798.44,0
7/16/2020,163,52077.95,0
7/17/2020,140,43929.43,0
7/18/2020,146,45093.24,0
7/19/2020,141,40287.31,0
7/20/2020,144,42956.58,0
7/21/2020,138,43918.22,0
7/22/2020,156,48582.08,0
7/23/2020,140,44247.08,0
7/24/2020,163,51996.93,0
7/25/2020,150,45260.08,0
7/26/2020,154,51863.31,0
7/27/2020,164,51835.57,0
7/28/2020,164,52896.74,0
7/29/2020,145,52053.6,0
7/30/2020,132,42923.79,0
7/31/2020,212,63478.64,0
8/1/2020,141,45612.16,0
8/2/2020,203,62658.26,0
8/3/2020,247,83138.67,0
8/4/2020,207,66604.36,0
8/5/2020,189,59749.9,0
8/6/2020,176,58440.37,0
8/7/2020,166,49378.44,0
8/8/2020,148,46818.72,0
8/9/2020,209,66229.08,0
8/10/2020,246,80693.8,0
8/11/2020,233,75346.6,0
8/12/2020,202,67974.77,0
8/13/2020,169,58292.93,0
8/14/2020,163,51623.51,0
8/15/2020,121,34042.18,0
8/16/2020,148,48120.45,0
8/17/2020,200,68390.76,0
8/18/2020,127,47320.26,0
8/19/2020,145,50712.72,0
8/20/2020,122,43226.44,0
8/21/2020,128,47066.09,0
8/22/2020,132,46137.53,0
8/23/2020,156,53568.41,0
8/24/2020,200,76107.24,0
8/25/2020,144,49447.13,0
8/26/2020,191,67911.88,0
8/27/2020,142,47053.04,0
8/28/2020,106,40927.13,0
8/29/2020,129,48912.5,0
8/30/2020,161,53970.39,0
8/31/2020,222,75576.59,0
9/1/2020,166,54958.6,0
9/2/2020,171,59761.69,0
9/3/2020,138,47015.64,0
9/4/2020,130,47853.85,0
9/5/2020,124,43606.73,0
9/6/2020,178,62417.86,0
9/7/2020,163,57876.76,0
9/8/2020,169,65548.28,0
9/9/2020,168,56336.09,0
9/10/2020,181,59030.71,0
9/11/2020,116,40026.31,0
9/12/2020,158,56368.02,0
9/13/2020,186,58455.07,0
9/14/2020,154,52696.19,0
9/15/2020,125,45964.64,0
9/16/2020,144,50561.75,0
9/17/2020,120,47608.67,0
9/18/2020,138,49317.84,0
9/19/2020,139,48141.49,0
9/20/2020,164,56792.58,0
9/21/2020,168,61059.52,0
9/22/2020,127,45920.22,0
9/23/2020,140,46764.16,0
9/24/2020,138,45504.64,0
9/25/2020,162,52382.76,0
9/26/2020,174,56158.13,0
9/27/2020,212,69178.13,0
9/28/2020,231,80115.63,0
9/29/2020,228,82166.74,0
9/30/2020,163,63545.9,0
10/1/2020,133,51510.23,0
10/2/2020,103,40745.36,0
10/3/2020,139,47556.03,0
10/4/2020,188,66937.71,0
10/5/2020,173,69508.68,0
10/6/2020,144,54520.87,0
10/7/2020,160,56062.56,0
10/8/2020,132,118492.92,0
10/9/2020,119,38477.72,0
10/10/2020,151,52008.85,0
10/11/2020,185,61475.72,0
10/12/2020,177,63785.99,0
10/13/2020,126,46417.18,0
10/14/2020,116,39537.24,0
10/15/2020,114,35966.68,0
10/16/2020,98,34556.02,0
10/17/2020,128,42362.31,0
10/18/2020,153,51454.72,0
10/19/2020,150,47057.8,0
10/20/2020,137,47190.25,0
10/21/2020,121,40407.65,0
10/22/2020,100,32972.23,0
10/23/2020,116,40450.89,0
10/24/2020,114,41373.51,0
10/25/2020,145,46290.54,0
10/26/2020,186,60614.63,0
10/27/2020,175,59979.39,0
10/28/2020,164,57613.44,0
10/29/2020,140,46496.46,0
10/30/2020,196,71502.5,0
10/31/2020,201,70287.44,0
11/1/2020,302,100444.41,0
11/2/2020,213,76705.42,0
11/3/2020,181,65148.84,0
11/4/2020,210,75063.58,0
11/5/2020,197,67044.39,0
11/6/2020,220,81021.64,0
11/7/2020,277,100931.7,0
11/8/2020,367,125042.7,0
11/9/2020,255,86353.05,0
11/10/2020,149,52153.36,1
11/11/2020,253,91179.49,1
11/12/2020,169,63928.73,1
11/13/2020,179,62728.72,1
11/14/2020,239,84593.69,1
11/15/2020,303,102284.92,1
11/16/2020,190,70245.11,1
11/17/2020,171,55407.7,1
11/18/2020,180,58646.48,1
11/19/2020,171,56285.12,1
11/20/2020,185,59155.04,1
11/21/2020,249,80847.82,1
11/22/2020,397,127686.98,1
11/23/2020,278,93166.05,1
11/24/2020,207,77722.99,1
11/25/2020,283,93353.76,1
11/26/2020,314,109031.31,1
11/27/2020,602,211962.08,1
11/28/2020,555,196321.38,1
11/29/2020,763,262487.91,1
11/30/2020,402,143029.3,1
12/1/2020,328,117879.03,1
12/2/2020,390,137988.28,1
12/3/2020,547,214045.45,1
12/4/2020,1273,440425.76,1
12/5/2020,640,226134.56,1
12/6/2020,928,327465.75,1
12/7/2020,486,169200.13,1
12/8/2020,399,146386.81,0
12/9/2020,247,88979.19,0
12/10/2020,305,114510.2,0
12/11/2020,233,82085.03,0
12/12/2020,382,143677.21,0
12/13/2020,506,188193.82,0
12/14/2020,408,149632.1,0
12/15/2020,321,121244.73,0
12/16/2020,317,114168.06,0
12/17/2020,236,87734.3,0
12/18/2020,245,92699.02,0
12/19/2020,303,107023.06,0
12/20/2020,293,107761.69,0
12/21/2020,251,88881.74,0
12/22/2020,182,65892.55,0
12/23/2020,158,52648.64,0
12/24/2020,112,38396.15,0
12/25/2020,224,83701.92,0
12/26/2020,224,82678.04,0
12/27/2020,280,97894.32,0
12/28/2020,225,80375.49,0
12/29/2020,191,73445.42,0
12/30/2020,205,79934.28,0
12/31/2020,136,53383.81,0
1/1/2021,188,71085.13,0
1/2/2021,180,72755.25,0
1/3/2021,245,87258.77,0
1/4/2021,260,91101.75,0
1/5/2021,214,78337.53,0
1/6/2021,227,76668.81,0
1/7/2021,171,60718.39,0
1/8/2021,181,66318.82,0
1/9/2021,183,67163.24,0
1/10/2021,184,63424.35,0
1/11/2021,183,65121.13,0
1/12/2021,179,63497.5,0
1/13/2021,169,61546.24,0
1/14/2021,156,55053.81,0
1/15/2021,168,56477.75,0
1/16/2021,168,55271.46,0
1/17/2021,143,51545.63,0
1/18/2021,157,54779.48,0
1/19/2021,148,50992.76,0
1/20/2021,252,86189.15,0
1/21/2021,182,67936.88,0
1/22/2021,190,72502.03,0
1/23/2021,214,70982.62,0
1/24/2021,283,93298.37,0
1/25/2021,181,61157.19,0
1/26/2021,135,47701.64,0
1/27/2021,190,63419.45,0
1/28/2021,166,58142.04,0
1/29/2021,158,49285.85,0
1/30/2021,241,78857.99,0
1/31/2021,270,88750.24,0
2/1/2021,221,73347.01,0
2/2/2021,175,59318.31,0
2/3/2021,195,64241.1,0
2/4/2021,187,66587.1,0
2/5/2021,176,56918.54,0
2/6/2021,207,61517.86,0
2/7/2021,190,58631.19,0
2/8/2021,185,56926.24,0
2/9/2021,176,59377.17,0
2/10/2021,171,55692.94,0
2/11/2021,158,54363.56,0
2/12/2021,142,51793.61,0
2/13/2021,155,50384.04,0
2/14/2021,188,64875.92,0
2/15/2021,443,147199.71,0
2/16/2021,315,114646.41,0
2/17/2021,208,75109.49,0
2/18/2021,210,67354.06,0
2/19/2021,155,49944.93,0
2/20/2021,154,52851.99,0
2/21/2021,193,66135.08,0
2/22/2021,233,82638.59,0
2/23/2021,203,84278.82,0
2/24/2021,216,79076.88,0
2/25/2021,246,85396.66,0
2/26/2021,219,76998.22,0
2/27/2021,224,75685.28,0
2/28/2021,280,94496.5,0
3/1/2021,282,99141.16,0
3/2/2021,244,85243.73,0
3/3/2021,270,97425.66,0
3/4/2021,233,88211.06,0
3/5/2021,231,81356.91,0
3/6/2021,264,96629.2,0
3/7/2021,281,100546.46,0
3/8/2021,278,98731.67,0
3/9/2021,209,72202.61,0
3/10/2021,218,80527.75,0
3/11/2021,219,74544.02,0
3/12/2021,171,61963.79,0
3/13/2021,203,75336,0
3/14/2021,296,99826.18,0
3/15/2021,216,72758.7,0
3/16/2021,190,66144.17,0
3/17/2021,227,75176.12,0
3/18/2021,197,70666.38,0
3/19/2021,194,68465.6,0
3/20/2021,264,84110.55,0
3/21/2021,258,84249.91,0
3/22/2021,262,92104.43,0
3/23/2021,227,80011.77,0
3/24/2021,257,80799.48,0
3/25/2021,195,64846.22,0
3/26/2021,204,71736.95,0
3/27/2021,206,69371.58,0
3/28/2021,231,75480.08,0
3/29/2021,277,89757.57,0
3/30/2021,218,73179.94,0
3/31/2021,223,73417.14,0
4/1/2021,249,88081.47,0
4/2/2021,214,73229.93,0
4/3/2021,206,65353.82,0
4/4/2021,244,81770.17,0
4/5/2021,302,97360.74,0
4/6/2021,300,102162.4,0
4/7/2021,242,79951.51,0
4/8/2021,231,80460.5,0
4/9/2021,216,70678.75,0
4/10/2021,302,97116.31,0
4/11/2021,326,107888.09,0
4/12/2021,288,98907.84,0
4/13/2021,201,62413.27,0
4/14/2021,202,68505.57,0
4/15/2021,185,60908.16,0
4/16/2021,161,51741.97,0
4/17/2021,185,59562.5,0
4/18/2021,226,73961.74,0
4/19/2021,224,78908.18,0
4/20/2021,223,71170.16,0
4/21/2021,245,104624.78,0
4/22/2021,195,65349.99,0
4/23/2021,224,69916.92,0
4/24/2021,197,65309.81,0
4/25/2021,277,95305.06,0
4/26/2021,310,97932.62,0
4/27/2021,222,71194.6,0
4/28/2021,309,94667.39,0
4/29/2021,293,90661.95,0
4/30/2021,224,75125.97,0
5/1/2021,335,111872.73,0
5/2/2021,307,107199.06,0
5/3/2021,314,100994.82,0
5/4/2021,259,93834.93,0
5/5/2021,233,78398.06,0
5/6/2021,246,83264.35,0
5/7/2021,229,77464.09,0
5/8/2021,235,80561.64,0
5/9/2021,306,105278.11,0
5/10/2021,320,110540.97,0
5/11/2021,189,62986.94,0
5/12/2021,198,67484.75,0
5/13/2021,228,78572.25,0
5/14/2021,234,78488,0
5/15/2021,193,63931.1,0
5/16/2021,282,93962.72,0
5/17/2021,233,71506.3,0
5/18/2021,209,76579.33,0
5/19/2021,232,74465.7,0
5/20/2021,188,69607.57,0
5/21/2021,212,64615.64,0
5/22/2021,208,68095.92,0
5/23/2021,225,73947.64,0
5/24/2021,358,121333.74,0
5/25/2021,269,83316.11,0
5/26/2021,264,81258.53,0
5/27/2021,226,72925.28,0
5/28/2021,205,65586.74,0
5/29/2021,225,70774.45,0
5/30/2021,301,93499.53,0
5/31/2021,324,98619.83,0
6/1/2021,339,106125.08,0
6/2/2021,349,111297.38,0
6/3/2021,222,74241.76,0
6/4/2021,257,112916.99,0
6/5/2021,218,73116.38,0
6/6/2021,321,103569.51,0
6/7/2021,330,112280.1,0
6/8/2021,234,75716.68,0
6/9/2021,276,84479.47,0
6/10/2021,255,81155.46,0
6/11/2021,221,67293.1,0
6/12/2021,229,70089.06,0
6/13/2021,283,82648.62,0
6/14/2021,339,105037.84,0
6/15/2021,231,76047.33,0
6/16/2021,208,67078.43,0
6/17/2021,219,77641.06,0
6/18/2021,209,68092.79,0
6/19/2021,190,60486.37,0
6/20/2021,292,93919.1,0
6/21/2021,329,108717.25,0
6/22/2021,241,70288.22,0
6/23/2021,260,80766.12,0
6/24/2021,225,69436.35,0
6/25/2021,243,78286.12,0
6/26/2021,249,78070.22,0
6/27/2021,308,96367.4,0
6/28/2021,349,112505.66,0
6/29/2021,335,108607.72,0
6/30/2021,370,120742.12,0
7/1/2021,291,93830.23,0
7/2/2021,250,88098.51,0
7/3/2021,289,95677.28,0
7/4/2021,439,149605.25,0
7/5/2021,394,128751.97,0
7/6/2021,316,108207.17,0
7/7/2021,334,116685.79,0
7/8/2021,279,88740.18,0
7/9/2021,235,80980.78,0
7/10/2021,253,86983.69,0
7/11/2021,317,104827.34,0
7/12/2021,290,100776.9,0
7/13/2021,277,89267.22,0
7/14/2021,372,122782.85,0
7/15/2021,254,85551.7,0
7/16/2021,238,78265.12,0
7/17/2021,240,79762.99,0
7/18/2021,256,79239.32,0
7/19/2021,314,99293.51,0
7/20/2021,246,86355.96,0
7/21/2021,263,79702.83,0
7/22/2021,236,68656.15,0
7/23/2021,242,76305.87,0
7/24/2021,225,71635.72,0
7/25/2021,333,108976.57,0
7/26/2021,391,126417.65,0
7/27/2021,368,115758.28,0
7/28/2021,203,64781.78,0
7/29/2021,246,83246.92,0
7/30/2021,225,76246.98,0
7/31/2021,205,68101.25,0
8/1/2021,334,114068.78,0
8/2/2021,349,115459.95,0
8/3/2021,295,102194.25,0
8/4/2021,287,94277.63,0
8/5/2021,281,94273.43,0
8/6/2021,226,76967.83,0
8/7/2021,275,87957.84,0
8/8/2021,269,88375.22,0
8/9/2021,318,104346.78,0
8/10/2021,234,80828.2,0
8/11/2021,246,81317.77,0
8/12/2021,239,92068.21,0
8/13/2021,231,79987.65,0
8/14/2021,239,79441.5,0
8/15/2021,350,111662.28,0
8/16/2021,353,116398.52,0
8/17/2021,246,73293.89,0
8/18/2021,275,86692.32,0
8/19/2021,259,83555.58,0
8/20/2021,219,65670.75,0
8/21/2021,236,71798.53,0
8/22/2021,368,109734.34,0
8/23/2021,351,111275.05,0
8/24/2021,306,98770.19,0
8/25/2021,242,77059.5,0
8/26/2021,257,86109.95,0
8/27/2021,229,80431.77,0
8/28/2021,227,78609.37,0
8/29/2021,331,113185.52,0
8/30/2021,356,125165,0
8/31/2021,295,132100.54,0
9/1/2021,271,97148.49,0
9/2/2021,214,76951.99,0
9/3/2021,194,68868.32,0
9/4/2021,230,82413.64,0
9/5/2021,271,93179.33,0
9/6/2021,266,96514.98,0
9/7/2021,221,73329.35,0
9/8/2021,227,79518.38,0
9/9/2021,209,66866.6,0
9/10/2021,191,64572.17,0
9/11/2021,207,68343.66,0
9/12/2021,312,100551.45,0
9/13/2021,220,87162.21,0
9/14/2021,157,51304.09,0
9/15/2021,204,73214.92,0
9/16/2021,229,79115.53,0
9/17/2021,181,65426.69,0
9/18/2021,185,64156.89,0
9/19/2021,347,112158.37,0
9/20/2021,278,99233.7,0
9/21/2021,181,62021.93,0
9/22/2021,252,82632.05,0
9/23/2021,183,64692.62,0
9/24/2021,215,71781.18,0
9/25/2021,213,72259.48,0
9/26/2021,374,126188.75,0
9/27/2021,331,115418.4,0
9/28/2021,243,85072.6,0
9/29/2021,265,93173.5,0
9/30/2021,208,76578.72,0
10/1/2021,168,59806.06,0
10/2/2021,236,83256.53,0
10/3/2021,338,120942.01,0
10/4/2021,269,95670.45,0
10/5/2021,237,90473.43,0
10/6/2021,239,82653.21,0
10/7/2021,233,82803.48,0
10/8/2021,181,67583.82,0
10/9/2021,206,75150.11,0
10/10/2021,283,106363.48,0
10/11/2021,212,74570.4,0
10/12/2021,201,75215.51,0
10/13/2021,227,80696.81,0
10/14/2021,197,69938.01,0
10/15/2021,187,71836.99,0
10/16/2021,203,71981,0
10/17/2021,272,96563.24,0
10/18/2021,219,78892.81,0
10/19/2021,151,53800.41,0
10/20/2021,188,65364.93,0
10/21/2021,185,61959.1,0
10/22/2021,199,69209.83,0
10/23/2021,199,66789.23,0
10/24/2021,252,83183.67,0
10/25/2021,280,100023.57,0
10/26/2021,185,102939.14,0
10/27/2021,171,64082.16,0
10/28/2021,184,68374.98,0
10/29/2021,201,67579.06,0
10/30/2021,219,77379.18,0
10/31/2021,216,72859.43,0
11/1/2021,334,120964.81,0
11/2/2021,270,98605.06,0
11/3/2021,300,106941.7,0
11/4/2021,286,98271.52,0
11/5/2021,255,87710.28,0
11/6/2021,270,93243.94,0
11/7/2021,312,105916.47,0
11/8/2021,274,96146.89,0
11/9/2021,214,75510.02,0
11/10/2021,252,86870.89,1
11/11/2021,297,104007.31,1
11/12/2021,270,92607.92,1
11/13/2021,229,83493.11,1
11/14/2021,383,132909.89,1
11/15/2021,356,120477.51,1
11/16/2021,252,92155.31,1
11/17/2021,247,89494.25,1
11/18/2021,230,82854.13,1
11/19/2021,321,127697.04,1
11/20/2021,403,133608.15,1
11/21/2021,576,200366.17,1
11/22/2021,387,144054.22,1
11/23/2021,266,96775.2,1
11/24/2021,394,135355.51,1
11/25/2021,507,181825.09,1
11/26/2021,1993,717994.93,1
11/27/2021,987,350885.05,1
11/28/2021,1581,572012.8,1
11/29/2021,868,303516.34,1
11/30/2021,446,160318.12,1
12/1/2021,426,157747.1,1
12/2/2021,368,130198,1
12/3/2021,339,122006.3,1
12/4/2021,472,171712.34,1
12/5/2021,757,273217.08,1
12/6/2021,746,273757.18,1
12/7/2021,582,206062.66,1
12/8/2021,556,193904.3,0
12/9/2021,518,193014.08,0
12/10/2021,415,145816.74,0
12/11/2021,592,212283.27,0
12/12/2021,861,309900.01,0
12/13/2021,663,243732.84,0
12/14/2021,463,178573.52,0
12/15/2021,605,228655.64,0
12/16/2021,487,176445.39,0
12/17/2021,373,147387.07,0
12/18/2021,502,181286.67,0
12/19/2021,534,187151.44,0
12/20/2021,722,248907.47,0
12/21/2021,388,176411.42,0
12/22/2021,281,102080,0
12/23/2021,226,81968.57,0
12/24/2021,163,58781.43,0
12/25/2021,340,127551.89,0
12/26/2021,472,169760.05,0
12/27/2021,587,221997.16,0
12/28/2021,338,126760.21,0
12/29/2021,333,124971.81,0
12/30/2021,283,104589.42,0
12/31/2021,223,85171.04,0
1/1/2022,209,74213.06,0
1/2/2022,322,115849.42,0
1/3/2022,375,133953.87,0
1/4/2022,256,95216.52,0
1/5/2022,298,112833.21,0
1/6/2022,279,107901.25,0
1/7/2022,178,64698.72,0
1/8/2022,227,83382.57,0
1/9/2022,271,98727.45,0
1/10/2022,208,79169.51,0
1/11/2022,177,66161.56,0
1/12/2022,402,137452.61,0
1/13/2022,319,109032.51,0
1/14/2022,277,94467.95,0
1/15/2022,304,105597.81,0
1/16/2022,428,153195.74,0
1/17/2022,356,120467.41,0
1/18/2022,181,64473.59,0
1/19/2022,209,76291.69,0
1/20/2022,184,60931.27,0
1/21/2022,236,83554.39,0
1/22/2022,277,94869.61,0
1/23/2022,307,111015.19,0
1/24/2022,276,92193.27,0
1/25/2022,180,60206.14,0
1/26/2022,195,63243.43,0
1/27/2022,218,69156.42,0
1/28/2022,215,74417.33,0
1/29/2022,227,73602.6,0
1/30/2022,328,113588.73,0
1/31/2022,273,93474.57,0
2/1/2022,223,76257.06,0
2/2/2022,280,101849.69,0
2/3/2022,266,89832.85,0
2/4/2022,250,81323.47,0
2/5/2022,261,90968.93,0
2/6/2022,339,114126.59,0
2/7/2022,312,109889.56,0
2/8/2022,269,93148.47,0
2/9/2022,280,96771.5,0
2/10/2022,222,77819.05,0
2/11/2022,231,83175.73,0
2/12/2022,277,93993.37,0
2/13/2022,335,109040.46,0
2/14/2022,308,99061.87,0
2/15/2022,289,100709.42,0
2/16/2022,301,98450.63,0
2/17/2022,230,77793.08,0
2/18/2022,219,77131.33,0
2/19/2022,226,70612.3,0
2/20/2022,277,94836.95,0
2/21/2022,315,100217.5,0
2/22/2022,201,63533.53,0
2/23/2022,208,71097.4,0
2/24/2022,241,79571.51,0
2/25/2022,253,81393.97,0
2/26/2022,295,100151.11,0
2/27/2022,380,125912.42,0
2/28/2022,336,117305.35,0
3/1/2022,371,125326.68,0
3/2/2022,377,135524.44,0
3/3/2022,310,109547.44,0
3/4/2022,351,118202.48,0
3/5/2022,325,108969.33,0
3/6/2022,449,151276.62,0
3/7/2022,364,116887.47,0
3/8/2022,305,108313.19,0
3/9/2022,343,121062.6,0
3/10/2022,301,101325.54,0
3/11/2022,251,84893.89,0
3/12/2022,296,98299.63,0
3/13/2022,432,145732.46,0
3/14/2022,319,105831.31,0
3/15/2022,269,90144.24,0
3/16/2022,296,97466.71,0
3/17/2022,241,75676.69,0
3/18/2022,213,70870.03,0
3/19/2022,242,82118.55,0
3/20/2022,313,104500.43,0
3/21/2022,260,85576.7,0
3/22/2022,226,79357.75,0
3/23/2022,218,82603.4,0
3/24/2022,199,68947.46,0
3/25/2022,212,71026.06,0
3/26/2022,222,77195.22,0
3/27/2022,246,82670.77,0
3/28/2022,271,88983.46,0
3/29/2022,356,112669.61,0
3/30/2022,435,141414.58,0
3/31/2022,362,121766.38,0
4/1/2022,454,153136.64,0
4/2/2022,441,144167.05,0
4/3/2022,515,168242.04,0
4/4/2022,361,122158.73,0
4/5/2022,350,116089.99,0
4/6/2022,386,130801.1,0
4/7/2022,296,96829.01,0
4/8/2022,286,98484.35,0
4/9/2022,367,116235.87,0
4/10/2022,377,131750.54,0
4/11/2022,338,115256.98,0
4/12/2022,335,112172.55,0
4/13/2022,331,116523.24,0
4/14/2022,277,94063.73,0
4/15/2022,263,90991.7,0
4/16/2022,242,80306.15,0
4/17/2022,263,90939.36,0
4/18/2022,358,122255.59,0
4/19/2022,349,118996.34,0
4/20/2022,306,105328.21,0
4/21/2022,318,107518.96,0
4/22/2022,225,76791.01,0
4/23/2022,261,91414.81,0
4/24/2022,279,96263.39,0
4/25/2022,279,95597.03,0
4/26/2022,265,93803.65,0
4/27/2022,268,93907.66,0
4/28/2022,468,154008.26,0
4/29/2022,303,98242.31,0
4/30/2022,294,92674.77,0
5/1/2022,383,127071.11,0
5/2/2022,324,107431.84,0
5/3/2022,377,128552.1,0
5/4/2022,377,123092.031,0
5/5/2022,316,108815.5,0
5/6/2022,242,85624.96,0
5/7/2022,243,83140.38,0
5/8/2022,335,112932.94,0
5/9/2022,359,125336.97,0
5/10/2022,234,86218.51,0
5/11/2022,253,89642.5,0
5/12/2022,221,77517.22,0
5/13/2022,223,75567.69,0
5/14/2022,208,69342.55,0
5/15/2022,255,86122.43,0
5/16/2022,314,103883.87,0
5/17/2022,303,101773.34,0
5/18/2022,294,96836.72,0
5/19/2022,272,85329.63,0
5/20/2022,208,68177.65,0
5/21/2022,188,60821.15,0
5/22/2022,254,81477.82,0
5/23/2022,364,117450.7,0
5/24/2022,313,101296.21,0
5/25/2022,256,86434.5,0
5/26/2022,277,92409.14,0
5/27/2022,290,94124.87,0
5/28/2022,242,78177.95,0
5/29/2022,340,109665.17,0
5/30/2022,430,146006.99,0
5/31/2022,401,137260.4,0
6/1/2022,438,149249.86,0
6/2/2022,369,122733.61,0
6/3/2022,333,111034.33,0
6/4/2022,298,98575.82,0
6/5/2022,355,120028.69,0
6/6/2022,487,192824.21,0
6/7/2022,366,124041.8,0
6/8/2022,393,127567.7,0
6/9/2022,331,110691.44,0
6/10/2022,304,101311.06,0
6/11/2022,265,89937.18,0
6/12/2022,336,108705.2,0
6/13/2022,389,136639.61,0
6/14/2022,296,102154.14,0
6/15/2022,288,93997.85,0
6/16/2022,236,74248.15,0
6/17/2022,210,78793.13,0
6/18/2022,185,64169.27,0
6/19/2022,287,92022.79,0
6/20/2022,333,110289.38,0
6/21/2022,246,77829.59,0
6/22/2022,373,128132.1,0
6/23/2022,302,98872.5,0
6/24/2022,242,78749.63,0
6/25/2022,268,96537.69,0
6/26/2022,362,111731.39,0
6/27/2022,409,137593.6,0
6/28/2022,338,129669.87,0
6/29/2022,377,125917.4,0
6/30/2022,307,104583.17,0
7/1/2022,305,99011.32,0
7/2/2022,300,100782.84,0
7/3/2022,394,134220.97,0
7/4/2022,395,135900.49,0
7/5/2022,382,133858.88,0
7/6/2022,302,123628.2,0
7/7/2022,292,103802.82,0
7/8/2022,254,91329.37,0
7/9/2022,214,72484.04,0
7/10/2022,262,94055.23,0
7/11/2022,327,122825.85,0
7/12/2022,277,97877.65,0
7/13/2022,227,92173.4,0
7/14/2022,273,94353.56,0
7/15/2022,202,73834.15,0
7/16/2022,167,61943.36,0
7/17/2022,248,89496.37,0
7/18/2022,270,99204.53,0
7/19/2022,253,105486.21,0
7/20/2022,249,82525.69,0
7/21/2022,210,75905.12,0
7/22/2022,236,88844.29,0
7/23/2022,231,87145.97,0
7/24/2022,280,100313,0
7/25/2022,369,128930.93,0
7/26/2022,278,111907.72,0
7/27/2022,275,95643.63,0
7/28/2022,275,103227.31,0
7/29/2022,300,136899.22,0
7/30/2022,262,95789.74,0
7/31/2022,320,114200.9,0
8/1/2022,487,178254.14,0
8/2/2022,279,108809.14,0
8/3/2022,277,110595.04,0
8/4/2022,244,90112.26,0
8/5/2022,293,105512.86,0
8/6/2022,297,107739,0
8/7/2022,294,99822.36,0
8/8/2022,394,143425.54,0
8/9/2022,268,104535.14,0
8/10/2022,239,86471.18,0
8/11/2022,211,79463.84,0
8/12/2022,196,74714.5,0
8/13/2022,176,64242.5,0
8/14/2022,218,76530.41,0
8/15/2022,301,105356.19,0
8/16/2022,240,85755.73,0
8/17/2022,274,100482.38,0
8/18/2022,208,78651.6,0
8/19/2022,226,86963,0
8/20/2022,214,69149.31,0
8/21/2022,297,99820.16,0
8/22/2022,361,122948.01,0
8/23/2022,300,111987.7,0
8/24/2022,270,91969.3,0
8/25/2022,303,105271.45,0
8/26/2022,273,86529.27,0
8/27/2022,258,85668.54,0
8/28/2022,326,103906.83,0
8/29/2022,437,142717.34,0
8/30/2022,299,103607.62,0
8/31/2022,379,130784.81,0
9/1/2022,371,130061.59,0
9/2/2022,329,116090.8,0
9/3/2022,296,100656.35,0
9/4/2022,386,130929.9,0
9/5/2022,376,132552.12,0
9/6/2022,358,126611.4,0
9/7/2022,378,123648.36,0
9/8/2022,297,109100,0
9/9/2022,306,111320.25,0
9/10/2022,333,121476.15,0
9/11/2022,397,137569.14,0
9/12/2022,371,133690.66,0
9/13/2022,259,89941.79,0
9/14/2022,243,92525.48,0
9/15/2022,230,85960.31,0
9/16/2022,255,95813.88,0
9/17/2022,272,99838.24,0
9/18/2022,340,127308.78,0
9/19/2022,353,129416.45,0
9/20/2022,251,96808.93,0
9/21/2022,251,107558.73,0
9/22/2022,265,92870.04,0
9/23/2022,283,99336.25,0
9/24/2022,274,88774.36,0
9/25/2022,398,139912.27,0
9/26/2022,354,126264.12,0
9/27/2022,349,121857.44,0
9/28/2022,268,93321.05,0
9/29/2022,256,95612.69,0
9/30/2022,232,87479.9,0
10/1/2022,297,115673.22,0
10/2/2022,369,139874.67,0
10/3/2022,359,143258.42,0
10/4/2022,268,98368.2,0
10/5/2022,321,125737.16,0
10/6/2022,339,123357.32,0
10/7/2022,248,94142.26,0
10/8/2022,222,86642.21,0
10/9/2022,324,123207.39,0
10/10/2022,305,110045.38,0
10/11/2022,240,91064.34,0
10/12/2022,298,114604.75,0
10/13/2022,288,103496.97,0
10/14/2022,282,128360.15,0
10/15/2022,227,87347.54,0
10/16/2022,285,105059.41,0
10/17/2022,375,137388.49,0
10/18/2022,334,125336.46,0
10/19/2022,205,76114.92,0
10/20/2022,233,86937.5,0
10/21/2022,189,70806.95,0
10/22/2022,246,88085.49,0
10/23/2022,317,113449.15,0
10/24/2022,326,140832.78,0
10/25/2022,290,109452.71,0
10/26/2022,299,114792.08,0
10/27/2022,335,126667.66,0
10/28/2022,258,95985.49,0
10/29/2022,250,91267.7,0
10/30/2022,311,120506.96,0
10/31/2022,354,128067.55,0
11/1/2022,422,160687.64,0
11/2/2022,329,131951.2,0
11/3/2022,310,119090.05,0
11/4/2022,357,135402.75,0
11/5/2022,340,130723.26,0
11/6/2022,361,128830.81,0
11/7/2022,380,148093.2,0
11/8/2022,252,102692.19,0
11/9/2022,250,102105.51,0
11/10/2022,255,105488.2,1
11/11/2022,380,146200.07,1
11/12/2022,295,110137.91,1
11/13/2022,396,149659.42,1
11/14/2022,363,141060.79,1
11/15/2022,296,112854.69,1
11/16/2022,364,134302.21,1
11/17/2022,338,154953.74,1
11/18/2022,459,182384.62,1
11/19/2022,505,202204.63,1
11/20/2022,683,262768.64,1
11/21/2022,670,310381.47,1
11/22/2022,480,183313.78,1
11/23/2022,579,232209.49,1
11/24/2022,736,275540.62,1
11/25/2022,2033,794698.85,1
11/26/2022,996,388225.47,1
11/27/2022,1745,682528.22,1
11/28/2022,1176,455233.42,1
11/29/2022,685,272605.75,1
11/30/2022,710,281330.47,1
12/1/2022,535,228390.87,1
12/2/2022,399,172080.42,1
12/3/2022,536,225810.21,1
12/4/2022,810,319056.74,1
12/5/2022,815,316004.67,1
12/6/2022,528,217755.79,1
12/7/2022,583,238005.34,1
12/8/2022,708,290876.34,0
12/9/2022,601,236488.69,0
12/10/2022,700,275738.12,0
12/11/2022,1145,451528.74,0
12/12/2022,823,352091.47,0
12/13/2022,609,267850.41,0
12/14/2022,688,286762.82,0
12/15/2022,785,312370.23,0
12/16/2022,659,263009.97,0
12/17/2022,732,286317.52,0
12/18/2022,647,251388.44,0
12/19/2022,926,389418.68,0
12/20/2022,560,229298.57,0
12/21/2022,466,188572.34,0
12/22/2022,323,132086.54,0
12/23/2022,334,134708.08,0
12/24/2022,215,89510.96,0
12/25/2022,422,177845.4,0
12/26/2022,794,320406.07,0
12/27/2022,456,191848.34,0
12/28/2022,522,212301.16,0
12/29/2022,428,197011.9,0
12/30/2022,405,161425.49,0
12/31/2022,242,94708.7,0
