date,tv cost,google,meta,total_ads,transactions,revenue
2020-01-01,0.0,991.81,0.0,991.81,86,31176.28
2020-01-02,0.0,5742.32,0.0,5742.32,168,57361.28
2020-01-03,0.0,5806.89,0.0,5806.89,154,60400.09
2020-01-04,0.0,4881.33,0.0,4881.33,107,38269.96
2020-01-05,0.0,5214.06,0.0,5214.06,145,47472.87
2020-01-06,0.0,5069.64,0.0,5069.64,115,41402.59
2020-01-07,0.0,4161.3,0.0,4161.3,103,36827.12
2020-01-08,0.0,5904.79,0.0,5904.79,274,93240.89
2020-01-09,0.0,4514.4,0.0,4514.4,199,68535.62
2020-01-10,0.0,3965.13,0.0,3965.13,157,51770.37
2020-01-11,0.0,4474.36,0.0,4474.36,162,50236.99
2020-01-12,0.0,4569.86,0.0,4569.86,202,62305.24
2020-01-13,0.0,3913.49,0.0,3913.49,130,42645.13
2020-01-14,0.0,3721.56,0.0,3721.56,150,48667.25
2020-01-15,0.0,4007.9,0.0,4007.9,136,41782.65
2020-01-16,0.0,3622.53,0.0,3622.53,94,27078.44
2020-01-17,0.0,3548.1,0.0,3548.1,160,44478.57
2020-01-18,0.0,3866.93,0.0,3866.93,143,45975.39
2020-01-19,0.0,4508.43,0.0,4508.43,156,50021.82
2020-01-20,0.0,3306.82,0.0,3306.82,128,38868.0
2020-01-21,0.0,2757.09,0.0,2757.09,120,35189.79
2020-01-22,0.0,3409.15,0.0,3409.15,132,38119.18
2020-01-23,0.0,2966.7,0.0,2966.7,130,41434.82
2020-01-24,0.0,2811.92,0.0,2811.92,127,35929.2
2020-01-25,0.0,3194.64,0.0,3194.64,109,33095.89
2020-01-26,0.0,3741.69,0.0,3741.69,158,42219.42
2020-01-27,0.0,3219.4,0.0,3219.4,170,55536.57
2020-01-28,0.0,3204.1,0.0,3204.1,133,39637.37
2020-01-29,0.0,3626.27,0.0,3626.27,152,45639.56
2020-01-30,0.0,3408.41,0.0,3408.41,142,42134.64
2020-01-31,0.0,3679.09,0.0,3679.09,133,42604.45
2020-02-01,0.0,3691.93,0.0,3691.93,178,49519.55
2020-02-02,0.0,3743.35,0.0,3743.35,212,61820.31
2020-02-03,0.0,3814.54,0.0,3814.54,185,52379.92
2020-02-04,0.0,4035.51,0.0,4035.51,178,49833.0
2020-02-05,0.0,4555.94,0.0,4555.94,179,56696.56
2020-02-06,0.0,4445.11,0.0,4445.11,132,40503.37
2020-02-07,0.0,4340.87,0.0,4340.87,114,33020.85
2020-02-08,0.0,4975.32,0.0,4975.32,159,46474.66
2020-02-09,0.0,4792.1,0.0,4792.1,188,54461.46
2020-02-10,0.0,3839.66,0.0,3839.66,170,48779.88
2020-02-11,0.0,4215.17,0.0,4215.17,117,34308.93
2020-02-12,0.0,4472.15,0.0,4472.15,164,48185.6
2020-02-13,0.0,4088.83,0.0,4088.83,134,48224.04
2020-02-14,0.0,3000.22,0.0,3000.22,109,34903.79
2020-02-15,0.0,3638.01,0.0,3638.01,129,39274.19
2020-02-16,0.0,4112.15,0.0,4112.15,165,47869.62
2020-02-17,0.0,3911.41,0.0,3911.41,173,51454.38
2020-02-18,0.0,3608.82,0.0,3608.82,123,35286.17
2020-02-19,0.0,4000.32,0.0,4000.32,119,64948.15
2020-02-20,0.0,3201.64,0.0,3201.64,133,37251.06
2020-02-21,0.0,2862.69,0.0,2862.69,115,32685.27
2020-02-22,0.0,3032.96,0.0,3032.96,96,28434.26
2020-02-23,0.0,3554.72,0.0,3554.72,145,39791.19
2020-02-24,0.0,3254.73,0.0,3254.73,143,43313.43
2020-02-25,0.0,2961.88,0.0,2961.88,155,48703.47
2020-02-26,0.0,2946.08,0.0,2946.08,162,47380.27
2020-02-27,0.0,2995.92,0.0,2995.92,140,41113.07
2020-02-28,0.0,2556.15,0.0,2556.15,117,35455.48
2020-02-29,0.0,3122.58,0.0,3122.58,131,43353.63
2020-03-01,0.0,3758.65,0.0,3758.65,131,41329.97
2020-03-02,0.0,3234.36,0.0,3234.36,137,42688.22
2020-03-03,0.0,3072.89,0.0,3072.89,142,46109.12
2020-03-04,0.0,3504.59,0.0,3504.59,150,48159.88
2020-03-05,0.0,3121.25,0.0,3121.25,153,48042.72
2020-03-06,0.0,2718.51,0.0,2718.51,130,43365.36
2020-03-07,0.0,3312.63,0.0,3312.63,138,41711.9
2020-03-08,0.0,4097.29,0.0,4097.29,168,57970.33
2020-03-09,0.0,3727.61,0.0,3727.61,130,42815.24
2020-03-10,0.0,4033.11,0.0,4033.11,138,43345.89
2020-03-11,0.0,4101.37,0.0,4101.37,126,42700.88
2020-03-12,0.0,3167.94,0.0,3167.94,119,39817.02
2020-03-13,0.0,2957.9,0.0,2957.9,103,32942.3
2020-03-14,0.0,3844.4,0.0,3844.4,164,50457.45
2020-03-15,0.0,3602.31,0.0,3602.31,133,41459.73
2020-03-16,0.0,2613.58,0.0,2613.58,70,22540.51
2020-03-17,0.0,2845.14,0.0,2845.14,88,27699.34
2020-03-18,0.0,2476.38,0.0,2476.38,100,28593.64
2020-03-19,0.0,2813.33,0.0,2813.33,85,26209.56
2020-03-20,0.0,2409.84,0.0,2409.84,90,27321.25
2020-03-21,0.0,2247.3,0.0,2247.3,79,27031.49
2020-03-22,0.0,2253.91,0.0,2253.91,81,25722.9
2020-03-23,0.0,2052.18,0.0,2052.18,74,24540.18
2020-03-24,0.0,2268.7,0.0,2268.7,83,23902.09
2020-03-25,0.0,2229.48,0.0,2229.48,126,39607.44
2020-03-26,0.0,2362.75,0.0,2362.75,121,36058.13
2020-03-27,0.0,2422.87,0.0,2422.87,108,33806.74
2020-03-28,0.0,2631.59,0.0,2631.59,102,30629.52
2020-03-29,0.0,2312.27,0.0,2312.27,121,35980.84
2020-03-30,0.0,2369.3,0.0,2369.3,107,37214.79
2020-03-31,0.0,2927.93,0.0,2927.93,115,37956.45
2020-04-01,0.0,2976.82,0.0,2976.82,135,47426.49
2020-04-02,0.0,3128.95,0.0,3128.95,129,41111.72
2020-04-03,0.0,2850.14,0.0,2850.14,154,51209.49
2020-04-04,0.0,2809.4,0.0,2809.4,130,41804.31
2020-04-05,0.0,2766.8,0.0,2766.8,118,40109.15
2020-04-06,0.0,2981.19,0.0,2981.19,157,49236.97
2020-04-07,0.0,2557.05,0.0,2557.05,134,44822.14
2020-04-08,0.0,2559.19,0.0,2559.19,129,42737.62
2020-04-09,0.0,2938.53,0.0,2938.53,156,47235.06
2020-04-10,0.0,3100.5,0.0,3100.5,133,44459.13
2020-04-11,0.0,3094.55,0.0,3094.55,114,38576.67
2020-04-12,0.0,3246.07,0.0,3246.07,126,41839.26
2020-04-13,0.0,3448.22,0.0,3448.22,163,54808.04
2020-04-14,0.0,3018.34,0.0,3018.34,129,41463.79
2020-04-15,0.0,3101.12,0.0,3101.12,131,39983.89
2020-04-16,0.0,3273.81,0.0,3273.81,112,32240.47
2020-04-17,0.0,3417.66,0.0,3417.66,163,49560.36
2020-04-18,0.0,2777.5,0.0,2777.5,182,58278.54
2020-04-19,0.0,2283.19,0.0,2283.19,132,40097.21
2020-04-20,0.0,2633.13,0.0,2633.13,176,53433.27
2020-04-21,0.0,3068.05,0.0,3068.05,116,35081.96
2020-04-22,0.0,2716.27,0.0,2716.27,107,33983.46
2020-04-23,0.0,2951.72,0.0,2951.72,102,32430.3
2020-04-24,0.0,3176.28,0.0,3176.28,109,32875.44
2020-04-25,0.0,2857.4,0.0,2857.4,114,36910.64
2020-04-26,0.0,2865.28,0.0,2865.28,102,33917.29
2020-04-27,0.0,2729.89,0.0,2729.89,152,44877.08
2020-04-28,0.0,2422.94,0.0,2422.94,105,32551.75
2020-04-29,0.0,2647.55,0.0,2647.55,140,45584.23
2020-04-30,0.0,2660.93,0.0,2660.93,126,40945.31
2020-05-01,0.0,2937.56,0.0,2937.56,124,39368.69
2020-05-02,0.0,2477.88,0.0,2477.88,122,39282.99
2020-05-03,0.0,2666.02,0.0,2666.02,100,30534.71
2020-05-04,0.0,2824.76,0.0,2824.76,136,40549.62
2020-05-05,0.0,3178.1,0.0,3178.1,159,48316.36
2020-05-06,0.0,2663.36,0.0,2663.36,132,40852.61
2020-05-07,0.0,2918.01,0.0,2918.01,144,46449.52
2020-05-08,0.0,3135.88,0.0,3135.88,129,40161.46
2020-05-09,0.0,3060.57,0.0,3060.57,125,38953.57
2020-05-10,0.0,3789.89,0.0,3789.89,155,51739.53
2020-05-11,0.0,3481.51,0.0,3481.51,143,44653.56
2020-05-12,0.0,3634.35,0.0,3634.35,114,34881.17
2020-05-13,0.0,3665.7,0.0,3665.7,134,41368.9
2020-05-14,0.0,3679.97,0.0,3679.97,127,40621.01
2020-05-15,0.0,3444.51,0.0,3444.51,122,38826.41
2020-05-16,0.0,3248.18,0.0,3248.18,142,44102.99
2020-05-17,0.0,3118.28,0.0,3118.28,165,54644.74
2020-05-18,0.0,3158.24,0.0,3158.24,156,47186.74
2020-05-19,0.0,3699.09,0.0,3699.09,152,50790.16
2020-05-20,0.0,3209.43,0.0,3209.43,120,42393.81
2020-05-21,0.0,2980.73,0.0,2980.73,154,49640.19
2020-05-22,0.0,3484.86,0.0,3484.86,129,39203.87
2020-05-23,0.0,4095.56,0.0,4095.56,137,42000.99
2020-05-24,0.0,3855.6,0.0,3855.6,178,55874.41
2020-05-25,0.0,4388.47,0.0,4388.47,198,65514.05
2020-05-26,0.0,4117.72,0.0,4117.72,141,45563.67
2020-05-27,0.0,4101.79,0.0,4101.79,128,38345.35
2020-05-28,0.0,4442.86,0.0,4442.86,162,52597.94
2020-05-29,0.0,4518.83,0.0,4518.83,151,44506.48
2020-05-30,0.0,4583.21,0.0,4583.21,151,47847.61
2020-05-31,0.0,4664.93,0.0,4664.93,206,63154.48
2020-06-01,0.0,4947.19,0.0,4947.19,215,66395.6
2020-06-02,0.0,4512.1,0.0,4512.1,172,54797.27
2020-06-03,0.0,4457.42,0.0,4457.42,183,57118.47
2020-06-04,0.0,5083.99,0.0,5083.99,162,53286.18
2020-06-05,0.0,4587.18,0.0,4587.18,154,52498.07
2020-06-06,0.0,4337.91,0.0,4337.91,148,41967.29
2020-06-07,0.0,4694.67,0.0,4694.67,211,62788.11
2020-06-08,0.0,4703.66,0.0,4703.66,196,62032.8
2020-06-09,0.0,4350.74,0.0,4350.74,161,49862.59
2020-06-10,0.0,4864.15,0.0,4864.15,180,55939.18
2020-06-11,0.0,4476.5,0.0,4476.5,159,48752.97
2020-06-12,0.0,5085.25,0.0,5085.25,149,47042.47
2020-06-13,0.0,5019.49,0.0,5019.49,177,56700.07
2020-06-14,0.0,5576.43,0.0,5576.43,181,56901.97
2020-06-15,0.0,5506.22,0.0,5506.22,227,67843.21
2020-06-16,0.0,5331.76,0.0,5331.76,170,51384.53
2020-06-17,0.0,5541.54,0.0,5541.54,140,41186.42
2020-06-18,0.0,5186.14,0.0,5186.14,169,50636.13
2020-06-19,0.0,4275.16,0.0,4275.16,148,47126.68
2020-06-20,0.0,3503.45,0.0,3503.45,134,42054.88
2020-06-21,0.0,4719.29,0.0,4719.29,129,38637.62
2020-06-22,0.0,4964.4,0.0,4964.4,158,53790.71
2020-06-23,0.0,5116.4,0.0,5116.4,133,40837.28
2020-06-24,0.0,5198.3,0.0,5198.3,136,43528.52
2020-06-25,0.0,4956.13,0.0,4956.13,120,41125.82
2020-06-26,0.0,5141.69,0.0,5141.69,151,41200.48
2020-06-27,0.0,4794.92,0.0,4794.92,160,49900.73
2020-06-28,0.0,5363.0,0.0,5363.0,209,64846.58
2020-06-29,0.0,4921.66,0.0,4921.66,208,63105.86
2020-06-30,0.0,4789.27,0.0,4789.27,142,44988.94
2020-07-01,0.0,5122.75,0.0,5122.75,179,56265.96
2020-07-02,0.0,4771.43,0.0,4771.43,173,57773.24
2020-07-03,0.0,3721.01,0.0,3721.01,142,44905.59
2020-07-04,0.0,3485.02,0.0,3485.02,150,48892.73
2020-07-05,0.0,3917.34,0.0,3917.34,187,59182.47
2020-07-06,0.0,4105.76,0.0,4105.76,220,65824.56
2020-07-07,0.0,3579.72,0.0,3579.72,128,39113.51
2020-07-08,0.0,4084.75,0.0,4084.75,143,43155.47
2020-07-09,0.0,4138.2,0.0,4138.2,124,41229.94
2020-07-10,0.0,3932.89,0.0,3932.89,141,47224.38
2020-07-11,0.0,3453.49,0.0,3453.49,127,36511.55
2020-07-12,0.0,3853.36,0.0,3853.36,123,37954.25
2020-07-13,0.0,5041.12,0.0,5041.12,135,45283.26
2020-07-14,0.0,4841.03,0.0,4841.03,151,48847.05
2020-07-15,0.0,6487.25,0.0,6487.25,254,80798.44
2020-07-16,0.0,5651.34,0.0,5651.34,163,52077.95
2020-07-17,0.0,4714.1,0.0,4714.1,140,43929.43
2020-07-18,0.0,4454.11,0.0,4454.11,146,45093.24
2020-07-19,0.0,4410.41,0.0,4410.41,141,40287.31
2020-07-20,0.0,4753.54,0.0,4753.54,144,42956.58
2020-07-21,0.0,4427.88,0.0,4427.88,138,43918.22
2020-07-22,0.0,4404.32,0.0,4404.32,156,48582.08
2020-07-23,0.0,4677.14,0.0,4677.14,140,44247.08
2020-07-24,0.0,4431.8,0.0,4431.8,163,51996.93
2020-07-25,0.0,4209.35,0.0,4209.35,150,45260.08
2020-07-26,0.0,4599.97,0.0,4599.97,154,51863.31
2020-07-27,0.0,4826.39,0.0,4826.39,164,51835.57
2020-07-28,0.0,5533.24,0.0,5533.24,164,52896.74
2020-07-29,0.0,5252.14,0.0,5252.14,145,52053.6
2020-07-30,0.0,5097.19,0.0,5097.19,132,42923.79
2020-07-31,0.0,5373.57,0.0,5373.57,212,63478.64
2020-08-01,0.0,4935.97,0.0,4935.97,141,45612.16
2020-08-02,0.0,5849.66,0.0,5849.66,203,62658.26
2020-08-03,0.0,6863.09,0.0,6863.09,247,83138.67
2020-08-04,0.0,6017.44,0.0,6017.44,207,66604.36
2020-08-05,0.0,5838.55,0.0,5838.55,189,59749.9
2020-08-06,0.0,5771.87,0.0,5771.87,176,58440.37
2020-08-07,0.0,5717.64,0.0,5717.64,166,49378.44
2020-08-08,0.0,5419.65,0.0,5419.65,148,46818.72
2020-08-09,0.0,5846.0,0.0,5846.0,209,66229.08
2020-08-10,0.0,6254.62,0.0,6254.62,246,80693.8
2020-08-11,0.0,6354.76,0.0,6354.76,233,75346.6
2020-08-12,0.0,6315.59,0.0,6315.59,202,67974.77
2020-08-13,0.0,5703.65,0.0,5703.65,169,58292.93
2020-08-14,0.0,5160.21,0.0,5160.21,163,51623.51
2020-08-15,0.0,4734.4,0.0,4734.4,121,34042.18
2020-08-16,0.0,5187.98,0.0,5187.98,148,48120.45
2020-08-17,0.0,5273.17,0.0,5273.17,200,68390.76
2020-08-18,0.0,4306.51,0.0,4306.51,127,47320.26
2020-08-19,0.0,4412.3,0.0,4412.3,145,50712.72
2020-08-20,0.0,3980.75,0.0,3980.75,122,43226.44
2020-08-21,0.0,3722.83,0.0,3722.83,128,47066.09
2020-08-22,0.0,3897.37,0.0,3897.37,132,46137.53
2020-08-23,0.0,3545.7,0.0,3545.7,156,53568.41
2020-08-24,0.0,3877.39,0.0,3877.39,200,76107.24
2020-08-25,0.0,3713.6,0.0,3713.6,144,49447.13
2020-08-26,0.0,4266.32,0.0,4266.32,191,67911.88
2020-08-27,0.0,3417.87,0.0,3417.87,142,47053.04
2020-08-28,0.0,3651.35,0.0,3651.35,106,40927.13
2020-08-29,0.0,3681.87,0.0,3681.87,129,48912.5
2020-08-30,0.0,3871.28,0.0,3871.28,161,53970.39
2020-08-31,0.0,3777.52,0.0,3777.52,222,75576.59
2020-09-01,0.0,4041.26,0.0,4041.26,166,54958.6
2020-09-02,0.0,3569.82,0.0,3569.82,171,59761.69
2020-09-03,0.0,5575.46,0.0,5575.46,138,47015.64
2020-09-04,0.0,5011.34,0.0,5011.34,130,47853.85
2020-09-05,0.0,5387.65,0.0,5387.65,124,43606.73
2020-09-06,0.0,5257.61,0.0,5257.61,178,62417.86
2020-09-07,0.0,4109.87,0.0,4109.87,163,57876.76
2020-09-08,0.0,4689.43,0.0,4689.43,169,65548.28
2020-09-09,0.0,5088.34,0.0,5088.34,168,56336.09
2020-09-10,0.0,4731.26,0.0,4731.26,181,59030.71
2020-09-11,0.0,4111.78,0.0,4111.78,116,40026.31
2020-09-12,0.0,4648.82,0.0,4648.82,158,56368.02
2020-09-13,0.0,4938.47,0.0,4938.47,186,58455.07
2020-09-14,0.0,4802.8,0.0,4802.8,154,52696.19
2020-09-15,0.0,4548.77,0.0,4548.77,125,45964.64
2020-09-16,0.0,6009.39,0.0,6009.39,144,50561.75
2020-09-17,0.0,5679.99,0.0,5679.99,120,47608.67
2020-09-18,0.0,5428.17,0.0,5428.17,138,49317.84
2020-09-19,0.0,5231.91,0.0,5231.91,139,48141.49
2020-09-20,0.0,5683.5,0.0,5683.5,164,56792.58
2020-09-21,0.0,4818.28,0.0,4818.28,168,61059.52
2020-09-22,0.0,4346.58,0.0,4346.58,127,45920.22
2020-09-23,0.0,4644.67,0.0,4644.67,140,46764.16
2020-09-24,0.0,4376.17,0.0,4376.17,138,45504.64
2020-09-25,0.0,3641.18,0.0,3641.18,162,52382.76
2020-09-26,0.0,4612.64,0.0,4612.64,174,56158.13
2020-09-27,0.0,4257.35,0.0,4257.35,212,69178.13
2020-09-28,0.0,4623.78,0.0,4623.78,231,80115.63
2020-09-29,0.0,4206.35,0.0,4206.35,228,82166.74
2020-09-30,0.0,4720.04,0.0,4720.04,163,63545.9
2020-10-01,0.0,4431.0,0.0,4431.0,133,51510.23
2020-10-02,0.0,4669.69,0.0,4669.69,103,40745.36
2020-10-03,0.0,4837.1,0.0,4837.1,139,47556.03
2020-10-04,0.0,4894.07,0.0,4894.07,188,66937.71
2020-10-05,0.0,4974.99,0.0,4974.99,173,69508.68
2020-10-06,0.0,4425.66,0.0,4425.66,144,54520.87
2020-10-07,0.0,5115.58,0.0,5115.58,160,56062.56
2020-10-08,0.0,4707.65,0.0,4707.65,132,118492.92
2020-10-09,0.0,4605.36,0.0,4605.36,119,38477.72
2020-10-10,0.0,5577.3,0.0,5577.3,151,52008.85
2020-10-11,0.0,5606.52,0.0,5606.52,185,61475.72
2020-10-12,0.0,5078.28,0.0,5078.28,177,63785.99
2020-10-13,0.0,5156.21,0.0,5156.21,126,46417.18
2020-10-14,0.0,5184.22,0.0,5184.22,116,39537.24
2020-10-15,0.0,4857.73,0.0,4857.73,114,35966.68
2020-10-16,0.0,3957.69,0.0,3957.69,98,34556.02
2020-10-17,0.0,4629.38,0.0,4629.38,128,42362.31
2020-10-18,0.0,4816.02,0.0,4816.02,153,51454.72
2020-10-19,0.0,4709.57,0.0,4709.57,150,47057.8
2020-10-20,0.0,4832.58,0.0,4832.58,137,47190.25
2020-10-21,0.0,4445.1,0.0,4445.1,121,40407.65
2020-10-22,0.0,4120.4,0.0,4120.4,100,32972.23
2020-10-23,0.0,4360.4,0.0,4360.4,116,40450.89
2020-10-24,0.0,4568.36,0.0,4568.36,114,41373.51
2020-10-25,59408.25,6328.7,0.0,6328.7,145,46290.54
2020-10-26,11863.8,4880.17,0.0,4880.17,186,60614.63
2020-10-27,12707.6,4818.97,0.0,4818.97,175,59979.39
2020-10-28,7258.8,4386.11,0.0,4386.11,164,57613.44
2020-10-29,6281.6,3959.84,0.0,3959.84,140,46496.46
2020-10-30,28058.55,5231.1,0.0,5231.1,196,71502.5
2020-10-31,29603.5,6133.84,0.0,6133.84,201,70287.44
2020-10-31,29603.5,9.54,0.0,9.54,201,70287.44
2020-11-01,32580.85,6438.12,0.0,6438.12,302,100444.41
2020-11-01,32580.85,20.95,0.0,20.95,302,100444.41
2020-11-02,9630.6,6180.74,0.0,6180.74,213,76705.42
2020-11-02,9630.6,88.68,0.0,88.68,213,76705.42
2020-11-03,3636.0,6666.83,0.0,6666.83,181,65148.84
2020-11-03,3636.0,23.82,0.0,23.82,181,65148.84
2020-11-04,6860.799999999999,5717.16,0.0,5717.16,210,75063.58
2020-11-04,6860.799999999999,21.01,0.0,21.01,210,75063.58
2020-11-05,6120.0,5493.57,0.0,5493.57,197,67044.39
2020-11-05,6120.0,171.19,0.0,171.19,197,67044.39
2020-11-06,37692.25,6416.31,0.0,6416.31,220,81021.64
2020-11-06,37692.25,200.03,0.0,200.03,220,81021.64
2020-11-07,23254.1,7489.45,0.0,7489.45,277,100931.7
2020-11-07,23254.1,197.98,0.0,197.98,277,100931.7
2020-11-08,40661.5,7551.72,0.0,7551.72,367,125042.7
2020-11-08,40661.5,193.96,0.0,193.96,367,125042.7
2020-11-09,0.0,5788.19,0.0,5788.19,255,86353.05
2020-11-09,0.0,199.89,0.0,199.89,255,86353.05
2020-11-10,0.0,5378.14,0.0,5378.14,149,52153.36
2020-11-10,0.0,200.3,0.0,200.3,149,52153.36
2020-11-11,0.0,5672.87,0.0,5672.87,253,91179.49
2020-11-11,0.0,194.38,0.0,194.38,253,91179.49
2020-11-12,0.0,5300.27,0.0,5300.27,169,63928.73
2020-11-12,0.0,170.55,0.0,170.55,169,63928.73
2020-11-13,0.0,5312.74,0.0,5312.74,179,62728.72
2020-11-13,0.0,136.08,0.0,136.08,179,62728.72
2020-11-14,0.0,5833.53,0.0,5833.53,239,84593.69
2020-11-14,0.0,131.61,0.0,131.61,239,84593.69
2020-11-15,0.0,5753.23,0.0,5753.23,303,102284.92
2020-11-15,0.0,134.23,0.0,134.23,303,102284.92
2020-11-16,0.0,4367.54,0.0,4367.54,190,70245.11
2020-11-16,0.0,117.05,0.0,117.05,190,70245.11
2020-11-17,0.0,4773.86,0.0,4773.86,171,55407.7
2020-11-17,0.0,111.1,0.0,111.1,171,55407.7
2020-11-18,0.0,5030.26,0.0,5030.26,180,58646.48
2020-11-18,0.0,112.54,0.0,112.54,180,58646.48
2020-11-19,0.0,5076.97,0.0,5076.97,171,56285.12
2020-11-19,0.0,113.29,0.0,113.29,171,56285.12
2020-11-20,0.0,4682.02,0.0,4682.02,185,59155.04
2020-11-20,0.0,111.01,0.0,111.01,185,59155.04
2020-11-21,0.0,5091.15,0.0,5091.15,249,80847.82
2020-11-21,0.0,116.12,0.0,116.12,249,80847.82
2020-11-22,30821.2,5994.23,0.0,5994.23,397,127686.98
2020-11-22,30821.2,121.35,0.0,121.35,397,127686.98
2020-11-23,3198.8,4716.96,0.0,4716.96,278,93166.05
2020-11-23,3198.8,115.25,0.0,115.25,278,93166.05
2020-11-24,468.0,5640.1,0.0,5640.1,207,77722.99
2020-11-24,468.0,114.45,0.0,114.45,207,77722.99
2020-11-25,0.0,6436.63,0.0,6436.63,283,93353.76
2020-11-25,0.0,114.97,0.0,114.97,283,93353.76
2020-11-26,0.0,7114.88,0.0,7114.88,314,109031.31
2020-11-26,0.0,111.61,0.0,111.61,314,109031.31
2020-11-27,11547.2,9194.34,0.0,9194.34,602,211962.08
2020-11-27,11547.2,110.89,0.0,110.89,602,211962.08
2020-11-28,11502.4,9455.88,0.0,9455.88,555,196321.38
2020-11-28,11502.4,110.87,0.0,110.87,555,196321.38
2020-11-29,32787.8,12039.69,0.0,12039.69,763,262487.91
2020-11-29,32787.8,112.19,0.0,112.19,763,262487.91
2020-11-30,6409.0,10117.01,0.0,10117.01,402,143029.3
2020-12-01,64.0,11011.19,0.0,11011.19,328,117879.03
2020-12-02,24455.2,12389.97,0.0,12389.97,390,137988.28
2020-12-03,21097.5,13777.68,0.0,13777.68,547,214045.45
2020-12-04,11600.8,23132.62,0.0,23132.62,1273,440425.76
2020-12-04,11600.8,602.65,0.0,602.65,1273,440425.76
2020-12-05,16012.8,16526.86,0.0,16526.86,640,226134.56
2020-12-05,16012.8,679.39,0.0,679.39,640,226134.56
2020-12-06,4806.8,16668.81,0.0,16668.81,928,327465.75
2020-12-06,4806.8,686.23,0.0,686.23,928,327465.75
2020-12-07,5363.6,15516.83,0.0,15516.83,486,169200.13
2020-12-08,8537.0,8596.22,0.0,8596.22,399,146386.81
2020-12-09,1153.8,9920.07,0.0,9920.07,247,88979.19
2020-12-10,7258.0,8842.89,0.0,8842.89,305,114510.2
2020-12-11,15557.2,7081.31,0.0,7081.31,233,82085.03
2020-12-12,22614.65,8153.6,0.0,8153.6,382,143677.21
2020-12-13,35240.0,11039.79,0.0,11039.79,506,188193.82
2020-12-14,5993.0,7151.12,0.0,7151.12,408,149632.1
2020-12-15,4026.6,6193.64,0.0,6193.64,321,121244.73
2020-12-16,370.0,6116.89,0.0,6116.89,317,114168.06
2020-12-17,1053.8,6639.31,0.0,6639.31,236,87734.3
2020-12-18,8524.6,6529.83,0.0,6529.83,245,92699.02
2020-12-19,11868.6,7271.43,0.0,7271.43,303,107023.06
2020-12-20,7549.4,6469.0,0.0,6469.0,293,107761.69
2020-12-21,0.0,4996.68,0.0,4996.68,251,88881.74
2020-12-22,0.0,5164.91,0.0,5164.91,182,65892.55
2020-12-23,0.0,4157.0,0.0,4157.0,158,52648.64
2020-12-24,0.0,3138.93,0.0,3138.93,112,38396.15
2020-12-25,8553.75,6091.42,0.0,6091.42,224,83701.92
2020-12-26,0.0,5395.32,0.0,5395.32,224,82678.04
2020-12-27,4443.75,5199.64,0.0,5199.64,280,97894.32
2020-12-28,0.0,5184.47,0.0,5184.47,225,80375.49
2020-12-29,0.0,3185.82,0.0,3185.82,191,73445.42
2020-12-30,0.0,3099.74,0.0,3099.74,205,79934.28
2020-12-31,0.0,2487.71,0.0,2487.71,136,53383.81
2021-01-01,0.0,3117.54,0.0,3117.54,188,71085.13
2021-01-02,0.0,4316.01,0.0,4316.01,180,72755.25
2021-01-03,0.0,3168.54,0.0,3168.54,245,87258.77
2021-01-04,0.0,3926.62,0.0,3926.62,260,91101.75
2021-01-05,0.0,3845.98,353.377887,4199.357887,214,78337.53
2021-01-06,0.0,4329.74,342.549126,4672.289126,227,76668.81
2021-01-07,0.0,4381.13,350.271768,4731.401768,171,60718.39
2021-01-08,0.0,4792.98,354.141753,5147.121752999999,181,66318.82
2021-01-09,0.0,5257.22,355.016551,5612.236551,183,67163.24
2021-01-10,0.0,4789.22,353.448346,5142.668346,184,63424.35
2021-01-11,0.0,4749.35,348.36,5097.71,183,65121.13
2021-01-12,0.0,4439.76,351.283353,4791.043353,179,63497.5
2021-01-13,0.0,4676.78,350.731662,5027.511662,169,61546.24
2021-01-14,0.0,4577.06,348.469858,4925.529858000001,156,55053.81
2021-01-15,0.0,3022.69,339.926958,3362.616958,168,56477.75
2021-01-16,0.0,3594.5,357.898264,3952.398264,168,55271.46
2021-01-17,0.0,3216.97,351.64,3568.6099999999997,143,51545.63
2021-01-18,0.0,2539.83,399.57,2939.4,157,54779.48
2021-01-19,0.0,2664.4,423.111424,3087.5114240000003,148,50992.76
2021-01-20,0.0,5468.91,421.62,5890.53,252,86189.15
2021-01-21,0.0,3939.93,529.249047,4469.179047,182,67936.88
2021-01-22,0.0,4641.88,528.97,5170.85,190,72502.03
2021-01-23,0.0,5308.86,552.51,5861.37,214,70982.62
2021-01-24,0.0,5004.63,523.24767,5527.87767,283,93298.37
2021-01-25,0.0,4640.5,509.258808,5149.758808,181,61157.19
2021-01-26,0.0,4467.56,544.65,5012.21,135,47701.64
2021-01-27,0.0,4694.2,545.763465,5239.963465,190,63419.45
2021-01-28,0.0,4915.83,538.02,5453.85,166,58142.04
2021-01-29,0.0,4909.5,547.3,5456.8,158,49285.85
2021-01-30,0.0,6815.94,548.3,7364.24,241,78857.99
2021-01-31,0.0,5589.23,533.9,6123.129999999999,270,88750.24
2021-02-01,0.0,5465.71,526.81,5992.52,221,73347.01
2021-02-02,0.0,5053.46,527.16,5580.62,175,59318.31
2021-02-03,0.0,6112.92,527.076499,6639.996499,195,64241.1
2021-02-04,0.0,5356.74,513.18,5869.92,187,66587.1
2021-02-05,0.0,5019.97,518.4,5538.37,176,56918.54
2021-02-06,0.0,6171.53,533.89,6705.42,207,61517.86
2021-02-07,0.0,5610.57,523.57,6134.139999999999,190,58631.19
2021-02-08,0.0,4940.91,507.71,5448.62,185,56926.24
2021-02-09,0.0,4373.19,508.8553,4882.0453,176,59377.17
2021-02-10,0.0,5010.74,508.35,5519.09,171,55692.94
2021-02-11,0.0,4943.36,518.268821,5461.628820999999,158,54363.56
2021-02-12,0.0,4342.64,521.28,4863.92,142,51793.61
2021-02-13,0.0,4343.03,551.91,4894.94,155,50384.04
2021-02-14,0.0,8556.58,524.95,9081.53,188,64875.92
2021-02-15,0.0,4321.73,374.05,4695.78,443,147199.71
2021-02-16,0.0,2764.59,301.96,3066.55,315,114646.41
2021-02-17,0.0,2878.24,302.57,3180.81,208,75109.49
2021-02-18,0.0,3104.7,289.615175,3394.3151749999997,210,67354.06
2021-02-19,0.0,2929.15,303.58,3232.73,155,49944.93
2021-02-20,0.0,2894.12,306.37,3200.49,154,52851.99
2021-02-21,14080.965,3923.79,309.37,4233.16,193,66135.08
2021-02-22,6969.835,3898.18,306.3,4204.48,233,82638.59
2021-02-23,3112.39,2726.9,299.316185,3026.216185,203,84278.82
2021-02-24,2477.255,3231.9,308.146379,3540.0463790000003,216,79076.88
2021-02-25,2830.1,3240.35,303.493219,3543.843219,246,85396.66
2021-02-26,2117.04,3689.27,296.74,3986.01,219,76998.22
2021-02-27,3379.105,3798.17,311.59,4109.76,224,75685.28
2021-02-28,7901.31,4608.61,309.211856,4917.821856,280,94496.5
2021-03-01,5716.17,3804.19,295.62,4099.81,282,99141.16
2021-03-02,5058.71,4053.47,310.103764,4363.573764,244,85243.73
2021-03-03,2439.795,4445.62,305.057548,4750.677548,270,97425.66
2021-03-04,3411.205,5012.58,304.026772,5316.606772,233,88211.06
2021-03-05,2810.765,3745.43,298.78,4044.21,231,81356.91
2021-03-06,2193.38,3425.41,312.18,3737.5899999999997,264,96629.2
2021-03-07,14128.84,4875.26,307.26,5182.52,281,100546.46
2021-03-08,5001.68,5469.47,296.23,5765.700000000001,278,98731.67
2021-03-09,4913.57,5503.32,271.66,5774.98,209,72202.61
2021-03-10,3305.91,5442.42,258.305933,5700.725933,218,80527.75
2021-03-11,2055.7799999999997,3778.34,248.45,4026.79,219,74544.02
2021-03-12,1059.0,4245.37,246.56866,4491.93866,171,61963.79
2021-03-13,1859.4199999999998,4738.65,266.69,5005.339999999999,203,75336.0
2021-03-14,4785.995,5971.27,257.335471,6228.605471000001,296,99826.18
2021-03-15,0.0,4225.13,244.79,4469.92,216,72758.7
2021-03-16,0.0,4040.33,251.295893,4291.625893,190,66144.17
2021-03-17,0.0,4379.09,255.208658,4634.298658,227,75176.12
2021-03-18,0.0,3883.11,256.66,4139.77,197,70666.38
2021-03-19,0.0,3954.99,260.09,4215.08,194,68465.6
2021-03-20,0.0,4740.39,259.57,4999.96,264,84110.55
2021-03-21,0.0,5194.7,257.358647,5452.058647,258,84249.91
2021-03-22,0.0,5229.72,251.24,5480.96,262,92104.43
2021-03-23,0.0,5933.55,257.55,6191.1,227,80011.77
2021-03-24,0.0,6097.58,253.94,6351.5199999999995,257,80799.48
2021-03-25,0.0,5407.05,249.134584,5656.1845840000005,195,64846.22
2021-03-26,0.0,5249.13,253.25,5502.38,204,71736.95
2021-03-27,0.0,5870.98,262.51,6133.49,206,69371.58
2021-03-28,0.0,5583.22,254.26,5837.4800000000005,231,75480.08
2021-03-29,0.0,5474.15,246.89,5721.04,277,89757.57
2021-03-30,0.0,5364.49,256.66,5621.15,218,73179.94
2021-03-31,0.0,5702.07,268.751271,5970.821271,223,73417.14
2021-04-01,0.0,5869.51,277.727508,6147.237508,249,88081.47
2021-04-02,0.0,5321.14,281.49,5602.63,214,73229.93
2021-04-03,0.0,6112.89,288.63,6401.52,206,65353.82
2021-04-04,0.0,6328.62,286.49,6615.11,244,81770.17
2021-04-05,0.0,7098.36,287.222476,7385.582476,302,97360.74
2021-04-06,0.0,6612.92,276.377573,6889.297573,300,102162.4
2021-04-07,0.0,6539.01,272.168696,6811.178696,242,79951.51
2021-04-08,0.0,4029.86,263.112557,4292.972557,231,80460.5
2021-04-09,0.0,3520.89,278.44,3799.33,216,70678.75
2021-04-10,0.0,3869.48,281.64,4151.12,302,97116.31
2021-04-11,0.0,3713.69,274.25,3987.94,326,107888.09
2021-04-12,0.0,3198.74,276.21,3474.95,288,98907.84
2021-04-13,0.0,2965.82,268.591291,3234.4112910000003,201,62413.27
2021-04-14,0.0,3820.27,278.901134,4099.171134,202,68505.57
2021-04-15,0.0,4201.83,270.113578,4471.943578,185,60908.16
2021-04-16,0.0,3620.23,276.967463,3897.197463,161,51741.97
2021-04-17,0.0,3687.76,279.917478,3967.677478,185,59562.5
2021-04-18,6025.954545454545,4202.15,271.94,4474.089999999999,226,73961.74
2021-04-19,6025.954545454545,4111.06,269.9,4380.96,224,78908.18
2021-04-20,6025.954545454545,4479.65,276.46,4756.11,223,71170.16
2021-04-21,6025.954545454545,6023.3,277.112392,6300.412392,245,104624.78
2021-04-22,6025.954545454545,4666.96,270.507446,4937.467446,195,65349.99
2021-04-23,6025.954545454545,3099.31,273.02,3372.33,224,69916.92
2021-04-24,6025.954545454545,4447.69,285.98,4733.67,197,65309.81
2021-04-25,6025.954545454545,4666.66,277.698601,4944.358601,277,95305.06
2021-04-26,6025.954545454545,4532.65,276.7,4809.349999999999,310,97932.62
2021-04-27,6025.954545454545,4434.78,276.576958,4711.356957999999,222,71194.6
2021-04-28,6025.954545454545,5262.7,274.837483,5537.537483,309,94667.39
2021-04-29,6025.954545454545,5273.14,273.85,5546.990000000001,293,90661.95
2021-04-30,6025.954545454545,5225.09,269.16,5494.25,224,75125.97
2021-05-01,6025.954545454545,6631.33,276.17,6907.5,335,111872.73
2021-05-02,6025.954545454545,6065.03,276.37,6341.4,307,107199.06
2021-05-03,6025.954545454545,5036.38,271.05,5307.43,314,100994.82
2021-05-04,6025.954545454545,4658.23,273.31,4931.54,259,93834.93
2021-05-05,6025.954545454545,5974.73,278.45,6253.179999999999,233,78398.06
2021-05-06,6025.954545454545,5343.71,271.19,5614.9,246,83264.35
2021-05-07,6025.954545454545,4846.56,271.62,5118.18,229,77464.09
2021-05-08,6025.954545454545,4601.56,283.01,4884.570000000001,235,80561.64
2021-05-09,6025.954545454545,4916.7,276.9,5193.599999999999,306,105278.11
2021-05-10,0.0,3907.89,269.572842,4177.462842,320,110540.97
2021-05-11,0.0,3398.67,271.358718,3670.028718,189,62986.94
2021-05-12,0.0,3634.07,270.35,3904.42,198,67484.75
2021-05-13,0.0,4782.11,275.0,5057.11,228,78572.25
2021-05-14,0.0,4817.64,273.525878,5091.165878000001,234,78488.0
2021-05-15,0.0,4977.01,288.39,5265.400000000001,193,63931.1
2021-05-16,0.0,5186.59,276.26,5462.85,282,93962.72
2021-05-17,0.0,4390.56,271.67,4662.2300000000005,233,71506.3
2021-05-18,0.0,4362.68,275.16,4637.84,209,76579.33
2021-05-19,0.0,4904.97,264.25,5169.22,232,74465.7
2021-05-20,0.0,4301.75,268.87,4570.62,188,69607.57
2021-05-21,0.0,4550.32,276.78,4827.099999999999,212,64615.64
2021-05-22,0.0,5764.94,291.99,6056.929999999999,208,68095.92
2021-05-23,0.0,4261.46,270.47,4531.93,225,73947.64
2021-05-24,0.0,5909.24,273.17,6182.41,358,121333.74
2021-05-25,4901.75,5189.9,273.158716,5463.058716,269,83316.11
2021-05-26,4901.75,5060.16,278.46,5338.62,264,81258.53
2021-05-27,4901.75,4426.52,273.97873,4700.49873,226,72925.28
2021-05-28,4901.75,4672.05,270.96,4943.01,205,65586.74
2021-05-29,4901.75,4909.02,284.8,5193.820000000001,225,70774.45
2021-05-30,4901.75,5670.59,278.36,5948.95,301,93499.53
2021-05-31,4901.75,5918.89,275.861269,6194.751269,324,98619.83
2021-06-01,4901.75,5642.06,276.99,5919.05,339,106125.08
2021-06-02,4901.75,6707.2,274.692384,6981.892384,349,111297.38
2021-06-03,4901.75,6800.65,272.372973,7073.022972999999,222,74241.76
2021-06-04,4901.75,5874.2,269.640877,6143.840877,257,112916.99
2021-06-05,4901.75,5870.92,276.990524,6147.910524,218,73116.38
2021-06-06,4901.75,6708.75,277.597223,6986.347223,321,103569.51
2021-06-07,4901.75,6303.91,276.776823,6580.686823,330,112280.1
2021-06-08,4901.75,5561.67,269.3116,5830.9816,234,75716.68
2021-06-09,4901.75,5995.49,271.098703,6266.588702999999,276,84479.47
2021-06-10,4901.75,5696.59,276.017434,5972.6074340000005,255,81155.46
2021-06-11,4901.75,4941.41,271.74,5213.15,221,67293.1
2021-06-12,4901.75,5397.39,282.4,5679.79,229,70089.06
2021-06-13,4901.75,6269.18,271.68,6540.860000000001,283,82648.62
2021-06-14,0.0,7664.39,265.89,7930.280000000001,339,105037.84
2021-06-15,0.0,7301.88,279.8,7581.68,231,76047.33
2021-06-16,0.0,7808.89,278.89,8087.780000000001,208,67078.43
2021-06-17,0.0,6666.87,272.09,6938.96,219,77641.06
2021-06-18,0.0,6231.09,274.511253,6505.601253,209,68092.79
2021-06-19,0.0,6425.76,282.13,6707.89,190,60486.37
2021-06-20,0.0,7177.56,276.98,7454.540000000001,292,93919.1
2021-06-21,0.0,6765.4,270.01,7035.41,329,108717.25
2021-06-22,0.0,6681.9,276.14,6958.04,241,70288.22
2021-06-23,0.0,7107.18,274.59,7381.77,260,80766.12
2021-06-24,0.0,6974.19,274.01,7248.2,225,69436.35
2021-06-25,0.0,7142.74,263.42,7406.16,243,78286.12
2021-06-26,0.0,7251.61,289.851493,7541.461493,249,78070.22
2021-06-27,0.0,7540.83,277.89,7818.72,308,96367.4
2021-06-28,0.0,8229.67,276.927065,8506.597065,349,112505.66
2021-06-29,0.0,9018.2,273.56,9291.76,335,108607.72
2021-06-30,0.0,10328.12,311.74,10639.86,370,120742.12
2021-07-01,0.0,8647.36,331.32,8978.68,291,93830.23
2021-07-02,0.0,7834.56,320.96,8155.52,250,88098.51
2021-07-03,0.0,8518.81,334.367155,8853.177155,289,95677.28
2021-07-04,0.0,8917.11,337.8,9254.91,439,149605.25
2021-07-05,0.0,7806.9,330.04,8136.94,394,128751.97
2021-07-06,0.0,7905.66,340.14,8245.8,316,108207.17
2021-07-07,0.0,8146.74,337.12,8483.86,334,116685.79
2021-07-08,0.0,7663.62,325.038601,7988.658601,279,88740.18
2021-07-09,0.0,6269.1,328.077155,6597.177155,235,80980.78
2021-07-10,0.0,6416.61,346.73,6763.34,253,86983.69
2021-07-11,0.0,6944.59,339.07,7283.66,317,104827.34
2021-07-12,0.0,7361.24,336.53,7697.7699999999995,290,100776.9
2021-07-13,0.0,6105.99,334.261397,6440.251397,277,89267.22
2021-07-14,0.0,6242.59,323.17,6565.76,372,122782.85
2021-07-15,0.0,5539.05,312.822661,5851.872661,254,85551.7
2021-07-16,0.0,6099.54,321.48,6421.02,238,78265.12
2021-07-17,0.0,6188.71,342.35,6531.06,240,79762.99
2021-07-18,4588.825,6162.53,328.06,6490.59,256,79239.32
2021-07-19,9701.74,6251.41,320.71,6572.12,314,99293.51
2021-07-20,3620.8,5763.83,326.15,6089.98,246,86355.96
2021-07-21,7058.1,5983.81,326.255753,6310.065753000001,263,79702.83
2021-07-22,9103.33,5753.99,318.21,6072.2,236,68656.15
2021-07-23,8093.5599999999995,5800.03,315.62,6115.65,242,76305.87
2021-07-24,8842.68,4607.46,339.98,4947.4400000000005,225,71635.72
2021-07-25,8790.92,5037.46,325.79,5363.25,333,108976.57
2021-07-26,4744.1,6486.25,322.09,6808.34,391,126417.65
2021-07-27,3540.325,6144.95,326.101446,6471.0514459999995,368,115758.28
2021-07-28,11998.145,6251.77,322.18,6573.950000000001,203,64781.78
2021-07-29,4462.52,6625.59,320.979013,6946.569013,246,83246.92
2021-07-30,3327.255,7163.48,319.47,7482.95,225,76246.98
2021-07-31,4760.345,7458.31,338.4,7796.71,205,68101.25
2021-08-01,4047.3450000000003,7595.78,328.23,7924.01,334,114068.78
2021-08-02,14454.7,7434.85,328.55,7763.400000000001,349,115459.95
2021-08-03,22563.72,7061.35,326.858877,7388.208877,295,102194.25
2021-08-04,18994.55,7728.56,315.74,8044.3,287,94277.63
2021-08-05,26097.525,7352.64,321.16731,7673.80731,281,94273.43
2021-08-06,14206.225,6239.28,317.85,6557.13,226,76967.83
2021-08-07,17036.91,7074.48,336.6,7411.08,275,87957.84
2021-08-08,20509.625,7027.54,327.89,7355.43,269,88375.22
2021-08-09,0.0,6364.92,317.51,6682.43,318,104346.78
2021-08-10,0.0,5733.67,391.13,6124.8,234,80828.2
2021-08-11,0.0,4862.74,453.842551,5316.5825509999995,246,81317.77
2021-08-12,0.0,5091.16,463.9,5555.0599999999995,239,92068.21
2021-08-13,0.0,4507.88,467.660901,4975.540901,231,79987.65
2021-08-14,0.0,4979.9,494.94,5474.839999999999,239,79441.5
2021-08-15,0.0,5636.27,479.69,6115.96,350,111662.28
2021-08-16,0.0,6704.5,477.229084,7181.729084,353,116398.52
2021-08-17,0.0,6354.91,477.45,6832.36,246,73293.89
2021-08-18,0.0,7067.99,470.530307,7538.520307,275,86692.32
2021-08-19,0.0,7312.09,475.540915,7787.630915,259,83555.58
2021-08-20,0.0,6358.66,465.3,6823.96,219,65670.75
2021-08-21,0.0,5743.45,479.26062,6222.71062,236,71798.53
2021-08-22,0.0,6779.91,477.57265,7257.48265,368,109734.34
2021-08-23,0.0,8625.39,474.109064,9099.499064,351,111275.05
2021-08-24,0.0,8995.97,478.72,9474.689999999999,306,98770.19
2021-08-25,0.0,8105.52,468.340613,8573.860613,242,77059.5
2021-08-26,0.0,7448.29,476.71,7925.0,257,86109.95
2021-08-27,0.0,8021.92,461.78,8483.7,229,80431.77
2021-08-28,0.0,7355.46,487.75,7843.21,227,78609.37
2021-08-29,0.0,8080.75,476.6,8557.35,331,113185.52
2021-08-30,0.0,9233.63,428.31,9661.939999999999,356,125165.0
2021-08-31,0.0,7789.34,483.08,8272.42,295,132100.54
2021-09-01,0.0,5790.51,546.19,6336.700000000001,271,97148.49
2021-09-02,0.0,5882.86,529.93,6412.79,214,76951.99
2021-09-03,0.0,5926.79,538.96,6465.75,194,68868.32
2021-09-04,0.0,5484.84,582.720517,6067.560517,230,82413.64
2021-09-05,0.0,5789.96,555.34,6345.3,271,93179.33
2021-09-06,0.0,9860.0,451.01,10311.01,266,96514.98
2021-09-07,0.0,5115.99,427.380373,5543.370373,221,73329.35
2021-09-08,0.0,5471.14,429.474976,5900.614976000001,227,79518.38
2021-09-09,0.0,5967.21,409.302511,6376.512511,209,66866.6
2021-09-10,0.0,4947.8,411.91,5359.71,191,64572.17
2021-09-11,0.0,5356.51,444.38,5800.89,207,68343.66
2021-09-12,0.0,6383.32,431.219333,6814.539333,312,100551.45
2021-09-13,0.0,4777.35,413.63,5190.9800000000005,220,87162.21
2021-09-14,0.0,5246.09,431.13,5677.22,157,51304.09
2021-09-15,0.0,6755.21,391.663242,7146.873242,204,73214.92
2021-09-16,0.0,5049.67,366.17,5415.84,229,79115.53
2021-09-17,0.0,4869.13,365.141199,5234.271199,181,65426.69
2021-09-18,0.0,5960.78,391.32,6352.099999999999,185,64156.89
2021-09-19,0.0,7298.65,378.61,7677.259999999999,347,112158.37
2021-09-20,0.0,5645.11,371.05,6016.16,278,99233.7
2021-09-21,0.0,4765.13,375.13,5140.26,181,62021.93
2021-09-22,2588.85,5251.22,370.01,5621.2300000000005,252,82632.05
2021-09-23,0.0,5080.34,375.269266,5455.609266,183,64692.62
2021-09-24,1465.2,5227.46,373.309262,5600.769262,215,71781.18
2021-09-25,1262.25,6975.52,385.9,7361.42,213,72259.48
2021-09-26,0.0,7969.43,380.86,8350.29,374,126188.75
2021-09-27,1272.15,6176.65,364.04,6540.69,331,115418.4
2021-09-28,706.5,6170.39,373.64,6544.030000000001,243,85072.6
2021-09-29,5809.5,6917.24,399.19,7316.429999999999,265,93173.5
2021-09-30,15988.5,4529.14,451.91,4981.05,208,76578.72
2021-10-01,3663.0,5076.26,475.85,5552.110000000001,168,59806.06
2021-10-02,7210.65,6354.06,496.959426,6851.019426000001,236,83256.53
2021-10-03,9625.5,7291.35,491.012553,7782.362553000001,338,120942.01
2021-10-04,1287.0,6246.37,317.3939,6563.7639,269,95670.45
2021-10-05,3206.25,5735.19,510.499495,6245.689495,237,90473.43
2021-10-06,13633.65,5600.44,495.687474,6096.127474,239,82653.21
2021-10-07,1264.5,5520.74,491.44,6012.179999999999,233,82803.48
2021-10-08,2999.25,5764.74,479.466141,6244.206141,181,67583.82
2021-10-09,9064.43,5472.43,523.79,5996.22,206,75150.11
2021-10-10,7867.17,6110.98,486.1,6597.08,283,106363.48
2021-10-11,2299.5,5293.18,448.120111,5741.3001110000005,212,74570.4
2021-10-12,2020.5,5238.76,445.28063,5684.04063,201,75215.51
2021-10-13,11297.25,5826.43,472.143208,6298.573208000001,227,80696.81
2021-10-14,2038.5,4700.74,466.040077,5166.780076999999,197,69938.01
2021-10-15,11466.91,4797.6,490.590572,5288.190572,187,71836.99
2021-10-16,9916.465,5430.25,513.88,5944.13,203,71981.0
2021-10-17,10708.54,6731.61,512.77,7244.379999999999,272,96563.24
2021-10-18,0.0,5516.68,498.030569,6014.710569000001,219,78892.81
2021-10-19,0.0,4808.65,562.773581,5371.423581,151,53800.41
2021-10-20,0.0,5301.72,571.801902,5873.521902,188,65364.93
2021-10-21,0.0,4575.28,558.71,5133.99,185,61959.1
2021-10-22,0.0,5031.65,559.82,5591.469999999999,199,69209.83
2021-10-23,0.0,6360.85,593.16,6954.01,199,66789.23
2021-10-24,0.0,6752.92,571.880991,7324.800991,252,83183.67
2021-10-25,0.0,6000.24,556.85,6557.09,280,100023.57
2021-10-26,0.0,6058.42,446.900634,6505.320634,185,102939.14
2021-10-27,0.0,5554.1,493.896401,6047.996401,171,64082.16
2021-10-28,0.0,4942.56,623.532201,5566.092201,184,68374.98
2021-10-29,0.0,5250.81,672.400693,5923.210693000001,201,67579.06
2021-10-30,0.0,5927.64,669.950796,6597.590796,219,77379.18
2021-10-31,0.0,6477.66,658.78,7136.44,216,72859.43
2021-11-01,0.0,7387.63,651.191678,8038.821678,334,120964.81
2021-11-02,0.0,5860.0,634.043475,6494.043475,270,98605.06
2021-11-03,0.0,5820.66,591.114627,6411.774627,300,106941.7
2021-11-04,0.0,5951.38,523.029331,6474.409331,286,98271.52
2021-11-05,0.0,6117.31,509.27,6626.58,255,87710.28
2021-11-06,0.0,8367.32,517.26,8884.58,270,93243.94
2021-11-07,0.0,9720.36,521.94,10242.300000000001,312,105916.47
2021-11-08,0.0,8968.14,519.173117,9487.313117,274,96146.89
2021-11-09,0.0,7421.2,514.22,7935.42,214,75510.02
2021-11-10,2115.0,7417.27,558.558628,7975.828628,252,86870.89
2021-11-11,2300.4,8883.46,563.499932,9446.959932,297,104007.31
2021-11-12,1845.87,7404.88,543.430997,7948.3109970000005,270,92607.92
2021-11-13,1650.0,10671.9,575.650962,11247.550962,229,83493.11
2021-11-14,3555.0,9265.25,564.360952,9829.610951999999,383,132909.89
2021-11-15,1346.4,8597.45,563.272859,9160.722859000001,356,120477.51
2021-11-16,2947.5,8754.7,561.64,9316.34,252,92155.31
2021-11-17,1111.5,8964.16,569.35189,9533.51189,247,89494.25
2021-11-18,2718.0,9054.59,564.1,9618.69,230,82854.13
2021-11-19,2255.4,9201.44,556.669512,9758.109512,321,127697.04
2021-11-20,1575.0,11989.83,575.730969,12565.560969,403,133608.15
2021-11-21,4635.0,11810.14,570.4519,12380.5919,576,200366.17
2021-11-22,751.5,9982.12,563.731909,10545.851909,387,144054.22
2021-11-23,15894.0,11163.73,569.560953,11733.290953,266,96775.2
2021-11-24,1062.0,14075.04,589.17,14664.210000000001,394,135355.51
2021-11-25,0.0,18441.05,615.18,19056.23,507,181825.09
2021-11-26,909.0,44782.93,674.27,45457.2,1993,717994.93
2021-11-27,810.0,29771.94,679.88,30451.82,987,350885.05
2021-11-28,7249.5,48549.05,881.09,49430.14,1581,572012.8
2021-11-29,751.5,29047.09,861.38,29908.47,868,303516.34
2021-11-30,6939.0,15816.82,870.84,16687.66,446,160318.12
2021-12-01,22405.5,18443.63,892.25,19335.88,426,157747.1
2021-12-02,9567.0,14818.88,860.601972,15679.481972,368,130198.0
2021-12-03,25519.5,15499.75,863.24,16362.99,339,122006.3
2021-12-04,2016.0,20450.71,916.600619,21367.310619,472,171712.34
2021-12-05,12964.5,20825.25,886.371896,21711.621896,757,273217.08
2021-12-06,6660.0,19136.88,884.520477,20021.400477000003,746,273757.18
2021-12-07,1872.0,18890.88,872.134718,19763.014718000002,582,206062.66
2021-12-08,5944.5,16964.32,869.671718,17833.991718,556,193904.3
2021-12-09,1984.5,14410.61,866.66,15277.27,518,193014.08
2021-12-10,2380.5,13631.93,869.522327,14501.452327,415,145816.74
2021-12-11,648.0,15263.81,896.928863,16160.738862999999,592,212283.27
2021-12-12,4698.0,18141.02,881.165616,19022.185616,861,309900.01
2021-12-13,12190.5,15157.15,899.77147,16056.92147,663,243732.84
2021-12-14,6061.5,13496.17,935.051277,14431.221277,463,178573.52
2021-12-15,10165.5,13837.33,1016.28,14853.61,605,228655.64
2021-12-16,14112.0,12945.39,1062.96287,14008.352869999999,487,176445.39
2021-12-17,8347.5,11681.46,1088.4744,12769.934399999998,373,147387.07
2021-12-18,10314.0,12863.39,1130.04,13993.43,502,181286.67
2021-12-19,16105.5,14197.03,1148.41,15345.44,534,187151.44
2021-12-20,20308.5,15829.5,1157.39,16986.89,722,248907.47
2021-12-21,6750.0,13244.59,1253.1,14497.69,388,176411.42
2021-12-22,6336.0,8161.72,1472.36084,9634.08084,281,102080.0
2021-12-23,12262.5,5240.7,1635.53963,6876.23963,226,81968.57
2021-12-24,9018.0,3383.92,1672.30037,5056.22037,163,58781.43
2021-12-25,0.0,13220.75,1722.69435,14943.44435,340,127551.89
2021-12-26,0.0,12722.62,1711.44073,14434.060730000001,472,169760.05
2021-12-27,0.0,13675.6,1370.16045,15045.76045,587,221997.16
2021-12-28,0.0,11280.31,1117.07,12397.38,338,126760.21
2021-12-29,0.0,6297.83,1110.7889,7408.6188999999995,333,124971.81
2021-12-30,0.0,5305.41,983.6,6289.01,283,104589.42
2021-12-31,0.0,4116.22,944.0,5060.22,223,85171.04
2022-01-01,0.0,5846.83,1029.56,6876.389999999999,209,74213.06
2022-01-02,0.0,9389.4,1013.22,10402.619999999999,322,115849.42
2022-01-03,0.0,7611.7,1009.31,8621.01,375,133953.87
2022-01-04,0.0,9146.91,997.270601,10144.180601,256,95216.52
2022-01-05,0.0,8723.76,784.43,9508.19,298,112833.21
2022-01-06,0.0,7444.24,762.681429,8206.921429,279,107901.25
2022-01-07,0.0,6063.21,763.7,6826.91,178,64698.72
2022-01-08,0.0,6956.92,796.51,7753.43,227,83382.57
2022-01-09,0.0,6740.39,802.99,7543.38,271,98727.45
2022-01-10,0.0,5622.0,794.60077,6416.60077,208,79169.51
2022-01-11,0.0,4949.36,790.491523,5739.851522999999,177,66161.56
2022-01-12,0.0,7549.41,812.36,8361.77,402,137452.61
2022-01-13,0.0,5701.8,792.3,6494.1,319,109032.51
2022-01-14,0.0,5258.43,785.52,6043.950000000001,277,94467.95
2022-01-15,0.0,6306.45,821.74,7128.19,304,105597.81
2022-01-16,0.0,6737.72,805.08,7542.8,428,153195.74
2022-01-17,0.0,5856.29,781.749237,6638.039237,356,120467.41
2022-01-18,0.0,5643.12,788.245403,6431.365403,181,64473.59
2022-01-19,0.0,5591.96,789.411511,6381.371511,209,76291.69
2022-01-20,0.0,4852.17,821.230859,5673.400859,184,60931.27
2022-01-21,0.0,4690.72,805.62,5496.34,236,83554.39
2022-01-22,0.0,5505.07,808.66,6313.73,277,94869.61
2022-01-23,0.0,5776.91,804.81,6581.719999999999,307,111015.19
2022-01-24,0.0,4967.98,788.38,5756.36,276,92193.27
2022-01-25,0.0,4632.63,808.14,5440.77,180,60206.14
2022-01-26,0.0,4601.47,797.969818,5399.439818000001,195,63243.43
2022-01-27,0.0,4467.32,792.072768,5259.392768,218,69156.42
2022-01-28,0.0,5059.9,344.85,5404.75,215,74417.33
2022-01-29,0.0,5447.64,0.0,5447.64,227,73602.6
2022-01-30,0.0,5851.51,0.0,5851.51,328,113588.73
2022-01-31,0.0,5055.97,0.0,5055.97,273,93474.57
2022-02-01,0.0,5654.08,930.291976,6584.371976,223,76257.06
2022-02-02,0.0,6016.85,930.579143,6947.429143,280,101849.69
2022-02-03,0.0,5444.32,928.289188,6372.609187999999,266,89832.85
2022-02-04,0.0,5136.38,928.97,6065.35,250,81323.47
2022-02-05,0.0,6331.3,928.99,7260.29,261,90968.93
2022-02-06,0.0,7329.64,808.43,8138.070000000001,339,114126.59
2022-02-07,0.0,6587.4,787.13,7374.53,312,109889.56
2022-02-08,0.0,6422.49,815.667755,7238.157755,269,93148.47
2022-02-09,0.0,7055.87,804.87,7860.74,280,96771.5
2022-02-10,0.0,6598.35,796.15,7394.5,222,77819.05
2022-02-11,0.0,6819.35,803.3,7622.650000000001,231,83175.73
2022-02-12,0.0,7346.97,784.5,8131.47,277,93993.37
2022-02-13,0.0,8423.73,790.02,9213.75,335,109040.46
2022-02-14,0.0,7860.45,786.450836,8646.900836,308,99061.87
2022-02-15,0.0,7440.46,813.93,8254.39,289,100709.42
2022-02-16,0.0,7429.61,803.286213,8232.896213,301,98450.63
2022-02-17,0.0,4605.85,795.82,5401.67,230,77793.08
2022-02-18,0.0,4753.27,795.14,5548.410000000001,219,77131.33
2022-02-19,0.0,7089.81,814.48,7904.290000000001,226,70612.3
2022-02-20,0.0,7257.35,789.34,8046.6900000000005,277,94836.95
2022-02-21,0.0,7757.35,775.8,8533.15,315,100217.5
2022-02-22,0.0,6734.2,814.38,7548.58,201,63533.53
2022-02-23,0.0,6271.55,780.89,7052.4400000000005,208,71097.4
2022-02-24,0.0,5633.38,793.94,6427.32,241,79571.51
2022-02-25,0.0,6155.74,812.81,6968.549999999999,253,81393.97
2022-02-26,0.0,7068.46,832.84,7901.3,295,100151.11
2022-02-27,0.0,9025.82,780.96,9806.779999999999,380,125912.42
2022-02-28,0.0,8110.21,805.969181,8916.179181,336,117305.35
2022-03-01,0.0,7776.53,804.261679,8580.791679,371,125326.68
2022-03-02,0.0,8254.61,805.74,9060.35,377,135524.44
2022-03-03,0.0,7406.89,781.951701,8188.841701,310,109547.44
2022-03-04,0.0,7092.71,790.772486,7883.482486,351,118202.48
2022-03-05,0.0,8638.92,830.33,9469.25,325,108969.33
2022-03-06,0.0,9585.97,802.211666,10388.181665999999,449,151276.62
2022-03-07,0.0,8898.5,808.88,9707.38,364,116887.47
2022-03-08,0.0,8368.15,795.638322,9163.788322,305,108313.19
2022-03-09,0.0,9343.74,787.61,10131.35,343,121062.6
2022-03-10,0.0,7735.62,806.22,8541.84,301,101325.54
2022-03-11,0.0,6995.76,629.32,7625.08,251,84893.89
2022-03-12,0.0,7386.24,601.63,7987.87,296,98299.63
2022-03-13,0.0,8302.47,641.57,8944.039999999999,432,145732.46
2022-03-14,0.0,6722.98,651.76,7374.74,319,105831.31
2022-03-15,0.0,6412.27,662.28,7074.55,269,90144.24
2022-03-16,0.0,7336.58,644.99,7981.57,296,97466.71
2022-03-17,0.0,6466.18,856.4,7322.58,241,75676.69
2022-03-18,0.0,5762.56,735.77,6498.33,213,70870.03
2022-03-19,0.0,7192.68,716.16,7908.84,242,82118.55
2022-03-20,0.0,7402.22,662.72,8064.9400000000005,313,104500.43
2022-03-21,0.0,6194.97,647.24,6842.21,260,85576.7
2022-03-22,0.0,5740.31,681.72,6422.030000000001,226,79357.75
2022-03-23,0.0,5726.49,680.66,6407.15,218,82603.4
2022-03-24,0.0,4889.88,707.48,5597.360000000001,199,68947.46
2022-03-25,0.0,5145.39,700.15,5845.54,212,71026.06
2022-03-26,0.0,5281.6,742.9,6024.5,222,77195.22
2022-03-27,0.0,5522.86,735.21,6258.07,246,82670.77
2022-03-28,0.0,5478.67,729.87,6208.54,271,88983.46
2022-03-29,0.0,5893.82,724.55,6618.37,356,112669.61
2022-03-30,0.0,5826.35,761.14,6587.490000000001,435,141414.58
2022-03-31,0.0,5663.69,803.87,6467.5599999999995,362,121766.38
2022-04-01,0.0,6182.01,820.92,7002.93,454,153136.64
2022-04-02,0.0,8889.18,866.44,9755.62,441,144167.05
2022-04-03,0.0,10478.39,965.16,11443.55,515,168242.04
2022-04-04,0.0,8837.39,951.72,9789.109999999999,361,122158.73
2022-04-05,0.0,9472.66,936.687186,10409.347185999999,350,116089.99
2022-04-06,0.0,10686.33,969.34,11655.67,386,130801.1
2022-04-07,0.0,8339.56,1022.42,9361.98,296,96829.01
2022-04-08,0.0,8789.81,1051.75,9841.56,286,98484.35
2022-04-09,0.0,9917.68,1145.96,11063.64,367,116235.87
2022-04-10,0.0,10989.55,1263.61,12253.16,377,131750.54
2022-04-11,0.0,8747.82,1169.46446,9917.284459999999,338,115256.98
2022-04-12,0.0,9223.42,1265.19,10488.61,335,112172.55
2022-04-13,0.0,8944.26,1222.87553,10167.13553,331,116523.24
2022-04-14,0.0,7368.92,1220.6874,8589.6074,277,94063.73
2022-04-15,0.0,6593.76,1172.32,7766.08,263,90991.7
2022-04-16,0.0,7405.51,1297.94,8703.45,242,80306.15
2022-04-17,0.0,8040.63,1360.67,9401.3,263,90939.36
2022-04-18,0.0,9383.63,1271.9,10655.529999999999,358,122255.59
2022-04-19,0.0,7934.48,1195.21,9129.689999999999,349,118996.34
2022-04-20,0.0,7008.39,1185.23,8193.62,306,105328.21
2022-04-21,0.0,6987.58,1100.43,8088.01,318,107518.96
2022-04-22,0.0,5914.16,1051.07266,6965.23266,225,76791.01
2022-04-23,0.0,6910.92,1093.14,8004.06,261,91414.81
2022-04-24,0.0,6728.05,1187.22,7915.27,279,96263.39
2022-04-25,0.0,6869.99,1123.12733,7993.11733,279,95597.03
2022-04-26,0.0,6620.38,1107.95262,7728.33262,265,93803.65
2022-04-27,0.0,6576.47,1098.75,7675.22,268,93907.66
2022-04-28,0.0,5911.55,946.01,6857.56,468,154008.26
2022-04-29,0.0,6154.16,933.93,7088.09,303,98242.31
2022-04-30,0.0,5845.22,990.24,6835.46,294,92674.77
2022-05-01,0.0,7660.15,1090.37,8750.52,383,127071.11
2022-05-02,0.0,10046.98,1015.65,11062.63,324,107431.84
2022-05-03,0.0,5146.68,987.28,6133.96,377,128552.1
2022-05-04,0.0,7706.53,1110.47,8817.0,377,123092.031
2022-05-05,0.0,5572.09,1133.75,6705.84,316,108815.5
2022-05-06,0.0,6108.69,1159.01,7267.7,242,85624.96
2022-05-07,0.0,6171.39,1225.39647,7396.78647,243,83140.38
2022-05-08,0.0,7231.36,1317.64,8549.0,335,112932.94
2022-05-09,0.0,6227.33,1211.68,7439.01,359,125336.97
2022-05-10,0.0,5648.73,1271.88,6920.61,234,86218.51
2022-05-11,0.0,6144.73,1132.90081,7277.63081,253,89642.5
2022-05-12,0.0,5800.57,1180.82,6981.389999999999,221,77517.22
2022-05-13,0.0,5285.29,1211.57672,6496.86672,223,75567.69
2022-05-14,0.0,5844.38,1304.02,7148.4,208,69342.55
2022-05-15,0.0,6953.82,1544.53,8498.35,255,86122.43
2022-05-16,0.0,6704.57,1745.07283,8449.64283,314,103883.87
2022-05-17,0.0,5433.56,1676.79717,7110.35717,303,101773.34
2022-05-18,0.0,5581.49,1365.92425,6947.41425,294,96836.72
2022-05-19,0.0,4856.4,1354.11719,6210.51719,272,85329.63
2022-05-20,0.0,4548.23,1294.36,5842.589999999999,208,68177.65
2022-05-21,0.0,4342.34,1388.39,5730.7300000000005,188,60821.15
2022-05-22,0.0,5785.88,1446.2,7232.08,254,81477.82
2022-05-23,0.0,6164.36,1362.46,7526.82,364,117450.7
2022-05-24,0.0,5662.12,1306.39,6968.51,313,101296.21
2022-05-25,0.0,5578.53,1499.09675,7077.626749999999,256,86434.5
2022-05-26,0.0,6264.58,1434.54,7699.12,277,92409.14
2022-05-27,0.0,5472.73,1518.22,6990.95,290,94124.87
2022-05-28,0.0,5471.96,1555.21,7027.17,242,78177.95
2022-05-29,0.0,7842.42,1659.67,9502.09,340,109665.17
2022-05-30,0.0,8564.97,1595.17,10160.14,430,146006.99
2022-05-31,0.0,8003.7,1523.94021,9527.64021,401,137260.4
2022-06-01,0.0,9161.94,1649.01698,10810.95698,438,149249.86
2022-06-02,0.0,8745.02,1673.97117,10418.991170000001,369,122733.61
2022-06-03,0.0,8017.92,1641.52,9659.44,333,111034.33
2022-06-04,0.0,7266.36,1731.89,8998.25,298,98575.82
2022-06-05,0.0,7562.11,1857.74,9419.85,355,120028.69
2022-06-06,0.0,8730.37,1789.55295,10519.92295,487,192824.21
2022-06-07,0.0,7881.57,1726.89299,9608.46299,366,124041.8
2022-06-08,0.0,8110.23,1706.49198,9816.72198,393,127567.7
2022-06-09,0.0,6473.08,1662.50296,8135.58296,331,110691.44
2022-06-10,0.0,7046.28,1668.39317,8714.67317,304,101311.06
2022-06-11,0.0,7665.93,1753.0,9418.93,265,89937.18
2022-06-12,0.0,8045.24,1852.27,9897.51,336,108705.2
2022-06-13,0.0,8887.08,1780.58401,10667.66401,389,136639.61
2022-06-14,0.0,7829.46,1565.81709,9395.27709,296,102154.14
2022-06-15,0.0,5471.82,1536.24517,7008.06517,288,93997.85
2022-06-16,0.0,4097.02,1506.26092,5603.28092,236,74248.15
2022-06-17,0.0,3282.37,1297.24425,4579.61425,210,78793.13
2022-06-18,0.0,3238.31,1263.3,4501.61,185,64169.27
2022-06-19,0.0,5159.89,1441.51241,6601.402410000001,287,92022.79
2022-06-20,25504.01,6483.97,1215.6,7699.57,333,110289.38
2022-06-21,20646.675,5377.36,1151.41,6528.7699999999995,246,77829.59
2022-06-22,23143.170000000002,7822.15,1230.9675,9053.1175,373,128132.1
2022-06-23,17192.875,7028.59,1317.20596,8345.79596,302,98872.5
2022-06-24,6197.33,6113.45,1280.32,7393.7699999999995,242,78749.63
2022-06-25,38433.21,5945.27,1300.39,7245.660000000001,268,96537.69
2022-06-26,18499.385,6702.68,1461.89,8164.570000000001,362,111731.39
2022-06-27,31794.965,5692.03,1397.8959,7089.9259,409,137593.6
2022-06-28,16955.73,4888.09,1341.83862,6229.928620000001,338,129669.87
2022-06-29,15311.125,5153.78,1324.95851,6478.738509999999,377,125917.4
2022-06-30,12693.135,5155.42,1299.82449,6455.24449,307,104583.17
2022-07-01,4207.045,4436.65,1417.68104,5854.331039999999,305,99011.32
2022-07-02,13876.35,4933.67,1459.69,6393.360000000001,300,100782.84
2022-07-03,20521.73,7003.61,1666.5477,8670.1577,394,134220.97
2022-07-04,11308.945,5711.88,1596.5,7308.38,395,135900.49
2022-07-05,18158.34,6214.13,1580.99,7795.12,382,133858.88
2022-07-06,4578.46,5585.75,1731.2718,7317.0218,302,123628.2
2022-07-07,16193.785,5218.99,1718.46053,6937.45053,292,103802.82
2022-07-08,7665.535,5621.94,1564.06042,7186.000419999999,254,91329.37
2022-07-09,16673.239999999998,4680.73,1497.29,6178.0199999999995,214,72484.04
2022-07-10,10579.880000000001,4623.15,1657.10832,6280.25832,262,94055.23
2022-07-11,0.0,4839.31,1586.9161,6426.2261,327,122825.85
2022-07-12,0.0,4568.08,1314.01,5882.09,277,97877.65
2022-07-13,0.0,3763.82,1326.40619,5090.22619,227,92173.4
2022-07-14,0.0,3831.82,1313.72427,5145.54427,273,94353.56
2022-07-15,0.0,3326.34,1107.13676,4433.4767600000005,202,73834.15
2022-07-16,0.0,3686.72,1091.56,4778.28,167,61943.36
2022-07-17,0.0,4191.39,1227.09,5418.4800000000005,248,89496.37
2022-07-18,0.0,4388.74,1194.32713,5583.067129999999,270,99204.53
2022-07-19,0.0,3675.99,1145.76,4821.75,253,105486.21
2022-07-20,0.0,3720.24,1126.8172,4847.057199999999,249,82525.69
2022-07-21,0.0,3433.41,1108.8214,4542.2314,210,75905.12
2022-07-22,0.0,3151.29,947.48,4098.77,236,88844.29
2022-07-23,0.0,2841.96,892.9,3734.86,231,87145.97
2022-07-24,0.0,4071.32,1009.7625,5081.0825,280,100313.0
2022-07-25,0.0,6311.15,979.46,7290.61,369,128930.93
2022-07-26,0.0,6049.21,1050.11288,7099.32288,278,111907.72
2022-07-27,0.0,6313.14,1091.6055,7404.7455,275,95643.63
2022-07-28,0.0,6317.13,1344.07293,7661.20293,275,103227.31
2022-07-29,0.0,6387.94,1416.82,7804.759999999999,300,136899.22
2022-07-30,0.0,5281.19,1147.9,6429.09,262,95789.74
2022-07-31,0.0,6202.77,1216.19828,7418.968280000001,320,114200.9
2022-08-01,0.0,6977.59,1197.3,8174.89,487,178254.14
2022-08-02,0.0,6177.65,1151.91,7329.5599999999995,279,108809.14
2022-08-03,0.0,4819.41,1133.11,5952.5199999999995,277,110595.04
2022-08-04,0.0,5413.19,1168.71,6581.9,244,90112.26
2022-08-05,0.0,5145.05,1063.10869,6208.15869,293,105512.86
2022-08-06,0.0,5145.42,1104.11672,6249.53672,297,107739.0
2022-08-07,0.0,5633.79,1163.88,6797.67,294,99822.36
2022-08-08,0.0,5745.96,1114.05338,6860.01338,394,143425.54
2022-08-09,0.0,5667.14,1107.69286,6774.83286,268,104535.14
2022-08-10,0.0,5082.14,934.403507,6016.543507,239,86471.18
2022-08-11,0.0,4793.86,957.325432,5751.185431999999,211,79463.84
2022-08-12,0.0,4097.16,905.38,5002.54,196,74714.5
2022-08-13,0.0,3762.65,913.920006,4676.570006,176,64242.5
2022-08-14,0.0,4207.62,962.693204,5170.313204,218,76530.41
2022-08-15,0.0,4652.67,976.579516,5629.249516,301,105356.19
2022-08-16,0.0,4636.72,880.117864,5516.837864,240,85755.73
2022-08-17,0.0,4445.95,862.473467,5308.423467,274,100482.38
2022-08-18,0.0,3863.42,836.09,4699.51,208,78651.6
2022-08-19,0.0,3633.51,837.851162,4471.361162,226,86963.0
2022-08-20,0.0,2980.04,885.077337,3865.117337,214,69149.31
2022-08-21,0.0,3562.21,948.21,4510.42,297,99820.16
2022-08-22,0.0,4211.69,950.515544,5162.2055439999995,361,122948.01
2022-08-23,0.0,4409.21,968.592481,5377.802481,300,111987.7
2022-08-24,0.0,4140.39,1024.16264,5164.55264,270,91969.3
2022-08-25,0.0,4335.82,1226.21761,5562.037609999999,303,105271.45
2022-08-26,0.0,4001.58,1244.75,5246.33,273,86529.27
2022-08-27,0.0,4191.38,1332.87,5524.25,258,85668.54
2022-08-28,0.0,4833.83,1381.63293,6215.46293,326,103906.83
2022-08-29,0.0,5973.93,1356.647,7330.577,437,142717.34
2022-08-30,0.0,5976.09,1307.61314,7283.70314,299,103607.62
2022-08-31,0.0,6074.19,1328.24,7402.429999999999,379,130784.81
2022-09-01,0.0,5992.22,1163.19,7155.41,371,130061.59
2022-09-02,0.0,5252.25,1176.0,6428.25,329,116090.8
2022-09-03,0.0,5846.91,1267.97,7114.88,296,100656.35
2022-09-04,0.0,6988.49,1374.81,8363.3,386,130929.9
2022-09-05,0.0,6697.72,1353.41,8051.13,376,132552.12
2022-09-06,0.0,7406.4,1396.51671,8802.91671,358,126611.4
2022-09-07,0.0,7180.38,1530.52653,8710.90653,378,123648.36
2022-09-08,0.0,7128.7,1581.0068,8709.7068,297,109100.0
2022-09-09,0.0,6574.97,1556.08524,8131.055240000001,306,111320.25
2022-09-10,0.0,6997.87,1595.68,8593.55,333,121476.15
2022-09-11,0.0,7400.26,1690.21674,9090.47674,397,137569.14
2022-09-12,0.0,6181.92,1375.74636,7557.66636,371,133690.66
2022-09-13,0.0,6368.12,1330.64737,7698.76737,259,89941.79
2022-09-14,0.0,6241.21,1351.04709,7592.25709,243,92525.48
2022-09-15,0.0,5449.49,1241.50723,6690.99723,230,85960.31
2022-09-16,0.0,5248.84,1165.64,6414.4800000000005,255,95813.88
2022-09-17,0.0,5572.26,1100.16,6672.42,272,99838.24
2022-09-18,0.0,6219.42,1197.6612,7417.0812000000005,340,127308.78
2022-09-19,0.0,5241.03,1179.43,6420.46,353,129416.45
2022-09-20,0.0,5052.39,1154.51111,6206.901110000001,251,96808.93
2022-09-21,0.0,5212.45,1143.93099,6356.38099,251,107558.73
2022-09-22,0.0,4122.81,1158.29,5281.1,265,92870.04
2022-09-23,0.0,4442.75,989.602839,5432.352839,283,99336.25
2022-09-24,0.0,4922.85,961.558037,5884.408037,274,88774.36
2022-09-25,0.0,5478.74,1052.02,6530.76,398,139912.27
2022-09-26,0.0,4490.85,1033.12,5523.97,354,126264.12
2022-09-27,0.0,4605.48,1011.41428,5616.8942799999995,349,121857.44
2022-09-28,0.0,5327.47,1016.3568,6343.826800000001,268,93321.05
2022-09-29,0.0,5068.98,1167.99,6236.969999999999,256,95612.69
2022-09-30,0.0,4219.18,1144.48699,5363.666990000001,232,87479.9
2022-10-01,0.0,5027.88,1136.95,6164.83,297,115673.22
2022-10-02,0.0,5575.95,1214.6,6790.549999999999,369,139874.67
2022-10-03,0.0,4942.75,1189.67072,6132.42072,359,143258.42
2022-10-04,0.0,5184.32,1162.20687,6346.52687,268,98368.2
2022-10-05,0.0,5640.43,1139.73966,6780.1696600000005,321,125737.16
2022-10-06,0.0,5150.73,1132.61687,6283.346869999999,339,123357.32
2022-10-07,0.0,4376.23,1035.44695,5411.676949999999,248,94142.26
2022-10-08,0.0,5013.98,1022.73,6036.709999999999,222,86642.21
2022-10-09,0.0,5581.91,1127.64,6709.55,324,123207.39
2022-10-10,0.0,5486.98,1099.83661,6586.81661,305,110045.38
2022-10-11,0.0,4499.79,1075.60342,5575.39342,240,91064.34
2022-10-12,0.0,4690.22,980.9,5671.12,298,114604.75
2022-10-13,0.0,4584.4,860.79,5445.19,288,103496.97
2022-10-14,0.0,4120.8,892.252041,5013.052041,282,128360.15
2022-10-15,0.0,5011.18,941.334092,5952.514092,227,87347.54
2022-10-16,0.0,5304.48,1037.29596,6341.775959999999,285,105059.41
2022-10-17,0.0,5037.41,1010.5742,6047.9842,375,137388.49
2022-10-18,0.0,4648.33,982.66795,5630.99795,334,125336.46
2022-10-19,0.0,4729.93,1011.18509,5741.11509,205,76114.92
2022-10-20,0.0,4625.3,1062.38175,5687.68175,233,86937.5
2022-10-21,0.0,4037.99,935.573899,4973.563899,189,70806.95
2022-10-22,0.0,4750.49,910.478786,5660.968785999999,246,88085.49
2022-10-23,0.0,5439.33,1027.04,6466.37,317,113449.15
2022-10-24,0.0,5078.49,996.31,6074.799999999999,326,140832.78
2022-10-25,0.0,6316.55,972.778653,7289.3286530000005,290,109452.71
2022-10-26,0.0,6073.14,964.012419,7037.152419,299,114792.08
2022-10-27,0.0,6001.67,962.228064,6963.898064,335,126667.66
2022-10-28,0.0,5889.87,1040.78241,6930.65241,258,95985.49
2022-10-29,0.0,6479.29,1072.64624,7551.93624,250,91267.7
2022-10-30,0.0,7447.07,1205.8,8652.869999999999,311,120506.96
2022-10-31,0.0,6807.12,1139.52366,7946.64366,354,128067.55
2022-11-01,0.0,7300.79,1116.88,8417.67,422,160687.64
2022-11-02,0.0,7268.0,1102.75638,8370.75638,329,131951.2
2022-11-03,0.0,7554.91,1103.29,8658.2,310,119090.05
2022-11-04,0.0,7383.46,1146.26,8529.72,357,135402.75
2022-11-05,0.0,7792.71,1221.18121,9013.89121,340,130723.26
2022-11-06,0.0,8522.22,1362.52,9884.74,361,128830.81
2022-11-07,0.0,8049.07,1424.24354,9473.31354,380,148093.2
2022-11-08,0.0,7547.53,1488.64,9036.17,252,102692.19
2022-11-09,0.0,8327.72,1469.19077,9796.910769999999,250,102105.51
2022-11-10,0.0,7330.3,1435.77176,8766.07176,255,105488.2
2022-11-11,0.0,8778.08,1268.84606,10046.92606,380,146200.07
2022-11-12,0.0,8555.01,1255.37401,9810.38401,295,110137.91
2022-11-13,0.0,8691.99,1362.16605,10054.15605,396,149659.42
2022-11-14,0.0,8406.26,1309.48,9715.74,363,141060.79
2022-11-15,0.0,8023.39,1274.74554,9298.13554,296,112854.69
2022-11-16,0.0,5339.62,1243.14934,6582.76934,364,134302.21
2022-11-17,0.0,4507.85,1150.19316,5658.04316,338,154953.74
2022-11-18,0.0,5027.97,1150.75995,6178.72995,459,182384.62
2022-11-19,0.0,5761.85,1191.22616,6953.0761600000005,505,202204.63
2022-11-20,0.0,9558.26,1652.9,11211.16,683,262768.64
2022-11-21,0.0,8846.3,1766.15,10612.449999999999,670,310381.47
2022-11-22,0.0,8189.34,1885.41714,10074.75714,480,183313.78
2022-11-23,0.0,9017.35,1911.9348,10929.284800000001,579,232209.49
2022-11-24,0.0,11846.27,1915.57,13761.84,736,275540.62
2022-11-25,0.0,26274.78,1965.27215,28240.05215,2033,794698.85
2022-11-26,0.0,22570.66,0.0,22570.66,996,388225.47
2022-11-27,0.0,34207.5,3500.61249,37708.11249,1745,682528.22
2022-11-28,0.0,32614.04,2871.39597,35485.43597,1176,455233.42
2022-11-29,0.0,13902.88,2325.51093,16228.39093,685,272605.75
2022-11-30,0.0,13831.6,1854.56453,15686.16453,710,281330.47
2022-12-01,0.0,12440.22,1735.59306,14175.813059999999,535,228390.87
2022-12-02,0.0,10557.57,1702.84391,12260.41391,399,172080.42
2022-12-03,0.0,10244.73,1732.72,11977.449999999999,536,225810.21
2022-12-04,0.0,12592.64,1886.1848,14478.824799999999,810,319056.74
2022-12-05,0.0,9793.35,1863.01922,11656.36922,815,316004.67
2022-12-06,0.0,10390.07,2088.36308,12478.433079999999,528,217755.79
2022-12-07,0.0,13688.34,2249.69387,15938.03387,583,238005.34
2022-12-08,0.0,17595.45,2249.80613,19845.25613,708,290876.34
2022-12-09,0.0,15264.23,2630.45306,17894.68306,601,236488.69
2022-12-10,0.0,16406.87,3072.41,19479.28,700,275738.12
2022-12-11,0.0,17446.23,3555.12,21001.35,1145,451528.74
2022-12-12,0.0,16427.17,3895.86,20323.03,823,352091.47
2022-12-13,0.0,16117.16,3937.21,20054.37,609,267850.41
2022-12-14,0.0,16524.8,3870.24282,20395.04282,688,286762.82
2022-12-15,0.0,15005.49,3846.27841,18851.76841,785,312370.23
2022-12-16,0.0,14150.12,3583.38309,17733.503090000002,659,263009.97
2022-12-17,0.0,15969.56,3999.9,19969.46,732,286317.52
2022-12-18,0.0,14681.38,4181.67,18863.05,647,251388.44
2022-12-19,0.0,18164.83,3946.38,22111.210000000003,926,389418.68
2022-12-20,0.0,9517.07,3632.02,13149.09,560,229298.57
2022-12-21,0.0,9045.36,3276.32309,12321.68309,466,188572.34
2022-12-22,0.0,6705.81,2343.32,9049.130000000001,323,132086.54
2022-12-23,0.0,4528.8,1708.1445,6236.9445000000005,334,134708.08
2022-12-24,0.0,3514.28,1351.5,4865.780000000001,215,89510.96
2022-12-25,0.0,9960.14,1527.88,11488.02,422,177845.4
2022-12-26,0.0,8115.29,1415.81,9531.1,794,320406.07
2022-12-27,0.0,6975.78,1503.6855,8479.4655,456,191848.34
2022-12-28,0.0,7543.94,1765.89,9309.83,522,212301.16
2022-12-29,0.0,7754.17,1755.62,9509.79,428,197011.9
2022-12-30,0.0,5096.5,1743.07,6839.57,405,161425.49
2022-12-31,0.0,4456.66,1799.14,6255.8,242,94708.7
